-- INSERTS
-- PAIS
INSERT INTO PAIS (NOMBRE_PAIS, ID_ESTADO) VALUES ('Panamá', 1);
INSERT INTO PAIS (NOMBRE_PAIS, ID_ESTADO) VALUES ('Nicaragua', 1);
INSERT INTO PAIS (NOMBRE_PAIS, ID_ESTADO) VALUES ('Honduras', 1);

-- PROVINCIA
INSERT INTO PROVINCIA (NOMBRE_PROVINCIA, ID_ESTADO) VALUES ('San José', 1);
INSERT INTO PROVINCIA (NOMBRE_PROVINCIA, ID_ESTADO) VALUES ('Alajuela', 1);
INSERT INTO PROVINCIA (NOMBRE_PROVINCIA, ID_ESTADO) VALUES ('Cartago', 1);

-- CANTON
INSERT INTO CANTON (NOMBRE_CANTON, ID_ESTADO) VALUES ('Escazú', 1);
INSERT INTO CANTON (NOMBRE_CANTON, ID_ESTADO) VALUES ('Alajuela', 1);
INSERT INTO CANTON (NOMBRE_CANTON, ID_ESTADO) VALUES ('Oreamuno', 1);

-- DISTRITO
INSERT INTO DISTRITO (NOMBRE_DISTRITO, ID_ESTADO) VALUES ('San Rafael', 1);
INSERT INTO DISTRITO (NOMBRE_DISTRITO, ID_ESTADO) VALUES ('Tambor', 1);
INSERT INTO DISTRITO (NOMBRE_DISTRITO, ID_ESTADO) VALUES ('San Nicolás', 1);

-- ROLES
INSERT INTO ROLES (ROL_NOMBRE, ID_ESTADO) VALUES ('Técnico', 1);   -- ID 1
INSERT INTO ROLES (ROL_NOMBRE, ID_ESTADO) VALUES ('Contador', 1); -- ID 2

-- USUARIOS 
INSERT INTO USUARIOS (NOMBRE_USUARIO, APELLIDO_UNO, APELLIDO_DOS, USUARIO_RED, PASS, ID_ROL, ID_ESTADO)
VALUES ('Laura', 'González', 'Mora', 'lgonzalez', 'abcd', 2, 1); -- ID 1
INSERT INTO USUARIOS (NOMBRE_USUARIO, APELLIDO_UNO, APELLIDO_DOS, USUARIO_RED, PASS, ID_ROL, ID_ESTADO)
VALUES ('Carlos', 'Ramírez', 'Alfaro', 'cramirez', 'pass123', 1, 1); -- ID 2

-- EMPRESA
INSERT INTO EMPRESA (CEDULA_JURIDICA, NOMBRE_EMPRESA, TELEFONO_EMPRESA, CORREO_EMPRESA, ID_ESTADO)
VALUES (3101124, 'Innovate CR', '2222-4444', 'contact@innovate.cr', 1);
INSERT INTO EMPRESA (CEDULA_JURIDICA, NOMBRE_EMPRESA, TELEFONO_EMPRESA, CORREO_EMPRESA, ID_ESTADO)
VALUES (3101125, 'EcoStore', '2222-5555', 'ventas@ecostore.cr', 1);
INSERT INTO EMPRESA (CEDULA_JURIDICA, NOMBRE_EMPRESA, TELEFONO_EMPRESA, CORREO_EMPRESA, ID_ESTADO)
VALUES (3101126, 'SmartTech', '2222-6666', 'info@smarttech.cr', 1);

-- DIRECCION_EMPRESA
INSERT INTO DIRECCION_EMPRESA (CEDULA_JURIDICA, ID_PAIS, ID_PROVINCIA, ID_CANTON, ID_DISTRITO, OTRAS_SENAS, ID_ESTADO)
VALUES (3101124, 1, 2, 2, 2, '200 mts norte del colegio', 1);
INSERT INTO DIRECCION_EMPRESA (CEDULA_JURIDICA, ID_PAIS, ID_PROVINCIA, ID_CANTON, ID_DISTRITO, OTRAS_SENAS, ID_ESTADO)
VALUES (3101125, 1, 3, 3, 3, 'Frente a la plaza', 1);
INSERT INTO DIRECCION_EMPRESA (CEDULA_JURIDICA, ID_PAIS, ID_PROVINCIA, ID_CANTON, ID_DISTRITO, OTRAS_SENAS, ID_ESTADO)
VALUES (3101126, 2, 1, 1, 1, 'Al lado del banco nacional', 1);

-- CATEGORIAS
INSERT INTO CATEGORIAS (NOMBRE_CATEGORIA, DESCRIPCION_CATEGORIA, ID_ESTADO)
VALUES ('Hogar', 'Electrodomésticos y mobiliario', 1);
INSERT INTO CATEGORIAS (NOMBRE_CATEGORIA, DESCRIPCION_CATEGORIA, ID_ESTADO)
VALUES ('Deportes', 'Equipos y accesorios deportivos', 1);
INSERT INTO CATEGORIAS (NOMBRE_CATEGORIA, DESCRIPCION_CATEGORIA, ID_ESTADO)
VALUES ('Ropa', 'Vestimenta y accesorios', 1);

-- PRODUCTOS
INSERT INTO PRODUCTOS (CODIGO_PRODUCTO, NOMBRE_PRODUCTO, COSTO_PRODUCTO, DESCRIPCION_PRODUCTO, ID_CATEGORIA, ID_ESTADO)
VALUES (1002, 'Refrigeradora LG', 600.00, 'Refrigeradora con ahorro energético', 1, 1);
INSERT INTO PRODUCTOS (CODIGO_PRODUCTO, NOMBRE_PRODUCTO, COSTO_PRODUCTO, DESCRIPCION_PRODUCTO, ID_CATEGORIA, ID_ESTADO)
VALUES (1003, 'Bicicleta Montaña', 350.00, 'Bicicleta todo terreno', 2, 1);
INSERT INTO PRODUCTOS (CODIGO_PRODUCTO, NOMBRE_PRODUCTO, COSTO_PRODUCTO, DESCRIPCION_PRODUCTO, ID_CATEGORIA, ID_ESTADO)
VALUES (1004, 'Camiseta deportiva', 20.00, 'Camiseta dry-fit unisex', 3, 1);

-- VENTAS 
INSERT INTO VENTAS (FECHA_VENTA, ID_USUARIO, CEDULA_JURIDICA, ID_ESTADO)
VALUES ('2025-06-01', 2, 3101124, 1); 
INSERT INTO VENTAS (FECHA_VENTA, ID_USUARIO, CEDULA_JURIDICA, ID_ESTADO)
VALUES ('2025-06-03', 1, 3101125, 1);
INSERT INTO VENTAS (FECHA_VENTA, ID_USUARIO, CEDULA_JURIDICA, ID_ESTADO)
VALUES ('2025-06-05', 2, 3101126, 1); 

-- DETALLE_VENTA 
INSERT INTO DETALLE_VENTA (ID_VENTA, ID_PRODUCTO, CANTIDAD_VENDIDA, ID_ESTADO)
VALUES (1, 2, 1, 1);
INSERT INTO DETALLE_VENTA (ID_VENTA, ID_PRODUCTO, CANTIDAD_VENDIDA, ID_ESTADO)
VALUES (2, 3, 1, 1);
INSERT INTO DETALLE_VENTA (ID_VENTA, ID_PRODUCTO, CANTIDAD_VENDIDA, ID_ESTADO)
VALUES (3, 1, 5, 1);

-- TIPOS_MOVIMIENTO
INSERT INTO TIPOS_MOVIMIENTO (NOMBRE_MOVIMIENTO, ID_ESTADO) VALUES ('Entrada', 1);
INSERT INTO TIPOS_MOVIMIENTO (NOMBRE_MOVIMIENTO, ID_ESTADO) VALUES ('Salida', 1);


-- MOVIMIENTOS_INVENTARIO
INSERT INTO MOVIMIENTOS_INVENTARIO (ID_PRODUCTO, ID_TIPO_MOVIMIENTO, CANTIDAD_MOVIMIENTO, FECHA_MOVIMIENTO, DETALLES_MOVIMIENTO, ID_ESTADO)
VALUES (2, 1, 5, '2025-06-01', 'Ingreso de producto', 1);
INSERT INTO MOVIMIENTOS_INVENTARIO (ID_PRODUCTO, ID_TIPO_MOVIMIENTO, CANTIDAD_MOVIMIENTO, FECHA_MOVIMIENTO, DETALLES_MOVIMIENTO, ID_ESTADO)
VALUES (3, 1, 3, '2025-06-03', 'Ingreso de producto', 1);
INSERT INTO MOVIMIENTOS_INVENTARIO (ID_PRODUCTO, ID_TIPO_MOVIMIENTO, CANTIDAD_MOVIMIENTO, FECHA_MOVIMIENTO, DETALLES_MOVIMIENTO, ID_ESTADO)
VALUES (1, 2, 10, '2025-06-04', 'Salida de producto', 1);

-- BITACORA 
INSERT INTO BITACORA (ID_USUARIO, EVENTO_BITACORA, DESCRIPCION_BITACORA, FECHA_BITACORA, ID_ESTADO)
VALUES (2, 'Modificación de inventario', 'Se modificó la cantidad de productos', '2025-06-01', 1);
INSERT INTO BITACORA (ID_USUARIO, EVENTO_BITACORA, DESCRIPCION_BITACORA, FECHA_BITACORA, ID_ESTADO)
VALUES (1, 'Registro de evento', 'La cantidad de productos es mayor a la esperada, ajustar para la proxima', '2025-06-02', 1);
INSERT INTO BITACORA (ID_USUARIO, EVENTO_BITACORA, DESCRIPCION_BITACORA, FECHA_BITACORA, ID_ESTADO)
VALUES (2, 'Entrada de producto', 'Ingreso para el inventario', '2025-06-04', 1);

--150 INSERTS PARA VENTAS

INSERT INTO VENTAS (FECHA_VENTA, ID_USUARIO, CEDULA_JURIDICA, ID_ESTADO) VALUES ('2025-06-01', 2, 3101124, 1);
INSERT INTO VENTAS (FECHA_VENTA, ID_USUARIO, CEDULA_JURIDICA, ID_ESTADO) VALUES ('2025-06-01', 1, 3101125, 2);
INSERT INTO VENTAS (FECHA_VENTA, ID_USUARIO, CEDULA_JURIDICA, ID_ESTADO) VALUES ('2025-06-02', 2, 3101126, 1);
INSERT INTO VENTAS (FECHA_VENTA, ID_USUARIO, CEDULA_JURIDICA, ID_ESTADO) VALUES ('2025-06-02', 1, 3101124, 1);
INSERT INTO VENTAS (FECHA_VENTA, ID_USUARIO, CEDULA_JURIDICA, ID_ESTADO) VALUES ('2025-06-03', 1, 3101126, 1);
INSERT INTO VENTAS (FECHA_VENTA, ID_USUARIO, CEDULA_JURIDICA, ID_ESTADO) VALUES ('2025-06-03', 2, 3101125, 1);
INSERT INTO VENTAS (FECHA_VENTA, ID_USUARIO, CEDULA_JURIDICA, ID_ESTADO) VALUES ('2025-06-04', 2, 3101124, 1);
INSERT INTO VENTAS (FECHA_VENTA, ID_USUARIO, CEDULA_JURIDICA, ID_ESTADO) VALUES ('2025-06-04', 1, 3101125, 1);
INSERT INTO VENTAS (FECHA_VENTA, ID_USUARIO, CEDULA_JURIDICA, ID_ESTADO) VALUES ('2025-06-05', 2, 3101126, 1);
INSERT INTO VENTAS (FECHA_VENTA, ID_USUARIO, CEDULA_JURIDICA, ID_ESTADO) VALUES ('2025-06-05', 1, 3101124, 1);

INSERT INTO VENTAS (FECHA_VENTA, ID_USUARIO, CEDULA_JURIDICA, ID_ESTADO) VALUES ('2025-06-06', 2, 3101125, 1);
INSERT INTO VENTAS (FECHA_VENTA, ID_USUARIO, CEDULA_JURIDICA, ID_ESTADO) VALUES ('2025-06-06', 1, 3101126, 1);
INSERT INTO VENTAS (FECHA_VENTA, ID_USUARIO, CEDULA_JURIDICA, ID_ESTADO) VALUES ('2025-06-07', 1, 3101124, 1);
INSERT INTO VENTAS (FECHA_VENTA, ID_USUARIO, CEDULA_JURIDICA, ID_ESTADO) VALUES ('2025-06-07', 2, 3101126, 1);
INSERT INTO VENTAS (FECHA_VENTA, ID_USUARIO, CEDULA_JURIDICA, ID_ESTADO) VALUES ('2025-06-08', 2, 3101125, 1);
INSERT INTO VENTAS (FECHA_VENTA, ID_USUARIO, CEDULA_JURIDICA, ID_ESTADO) VALUES ('2025-06-08', 1, 3101124, 1);
INSERT INTO VENTAS (FECHA_VENTA, ID_USUARIO, CEDULA_JURIDICA, ID_ESTADO) VALUES ('2025-06-09', 1, 3101125, 1);
INSERT INTO VENTAS (FECHA_VENTA, ID_USUARIO, CEDULA_JURIDICA, ID_ESTADO) VALUES ('2025-06-09', 2, 3101126, 1);
INSERT INTO VENTAS (FECHA_VENTA, ID_USUARIO, CEDULA_JURIDICA, ID_ESTADO) VALUES ('2025-06-10', 2, 3101124, 1);
INSERT INTO VENTAS (FECHA_VENTA, ID_USUARIO, CEDULA_JURIDICA, ID_ESTADO) VALUES ('2025-06-10', 1, 3101126, 1);

INSERT INTO VENTAS (FECHA_VENTA, ID_USUARIO, CEDULA_JURIDICA, ID_ESTADO) VALUES ('2025-06-11', 2, 3101125, 1);
INSERT INTO VENTAS (FECHA_VENTA, ID_USUARIO, CEDULA_JURIDICA, ID_ESTADO) VALUES ('2025-06-11', 1, 3101124, 1);
INSERT INTO VENTAS (FECHA_VENTA, ID_USUARIO, CEDULA_JURIDICA, ID_ESTADO) VALUES ('2025-06-12', 1, 3101125, 1);
INSERT INTO VENTAS (FECHA_VENTA, ID_USUARIO, CEDULA_JURIDICA, ID_ESTADO) VALUES ('2025-06-12', 2, 3101126, 1);
INSERT INTO VENTAS (FECHA_VENTA, ID_USUARIO, CEDULA_JURIDICA, ID_ESTADO) VALUES ('2025-06-13', 2, 3101124, 1);
INSERT INTO VENTAS (FECHA_VENTA, ID_USUARIO, CEDULA_JURIDICA, ID_ESTADO) VALUES ('2025-06-13', 1, 3101126, 1);
INSERT INTO VENTAS (FECHA_VENTA, ID_USUARIO, CEDULA_JURIDICA, ID_ESTADO) VALUES ('2025-06-14', 1, 3101124, 1);
INSERT INTO VENTAS (FECHA_VENTA, ID_USUARIO, CEDULA_JURIDICA, ID_ESTADO) VALUES ('2025-06-14', 2, 3101125, 1);
INSERT INTO VENTAS (FECHA_VENTA, ID_USUARIO, CEDULA_JURIDICA, ID_ESTADO) VALUES ('2025-06-15', 2, 3101126, 1);
INSERT INTO VENTAS (FECHA_VENTA, ID_USUARIO, CEDULA_JURIDICA, ID_ESTADO) VALUES ('2025-06-15', 1, 3101125, 1);

INSERT INTO VENTAS (FECHA_VENTA, ID_USUARIO, CEDULA_JURIDICA, ID_ESTADO) VALUES ('2025-06-16', 2, 3101124, 1);
INSERT INTO VENTAS (FECHA_VENTA, ID_USUARIO, CEDULA_JURIDICA, ID_ESTADO) VALUES ('2025-06-16', 1, 3101126, 1);
INSERT INTO VENTAS (FECHA_VENTA, ID_USUARIO, CEDULA_JURIDICA, ID_ESTADO) VALUES ('2025-06-17', 1, 3101124, 1);
INSERT INTO VENTAS (FECHA_VENTA, ID_USUARIO, CEDULA_JURIDICA, ID_ESTADO) VALUES ('2025-06-17', 2, 3101125, 1);
INSERT INTO VENTAS (FECHA_VENTA, ID_USUARIO, CEDULA_JURIDICA, ID_ESTADO) VALUES ('2025-06-18', 2, 3101126, 1);
INSERT INTO VENTAS (FECHA_VENTA, ID_USUARIO, CEDULA_JURIDICA, ID_ESTADO) VALUES ('2025-06-18', 1, 3101125, 1);
INSERT INTO VENTAS (FECHA_VENTA, ID_USUARIO, CEDULA_JURIDICA, ID_ESTADO) VALUES ('2025-06-19', 2, 3101124, 1);
INSERT INTO VENTAS (FECHA_VENTA, ID_USUARIO, CEDULA_JURIDICA, ID_ESTADO) VALUES ('2025-06-19', 1, 3101126, 1);
INSERT INTO VENTAS (FECHA_VENTA, ID_USUARIO, CEDULA_JURIDICA, ID_ESTADO) VALUES ('2025-06-20', 2, 3101125, 1);
INSERT INTO VENTAS (FECHA_VENTA, ID_USUARIO, CEDULA_JURIDICA, ID_ESTADO) VALUES ('2025-06-20', 1, 3101124, 1);

INSERT INTO VENTAS (FECHA_VENTA, ID_USUARIO, CEDULA_JURIDICA, ID_ESTADO) VALUES ('2025-06-21', 2, 3101126, 1);
INSERT INTO VENTAS (FECHA_VENTA, ID_USUARIO, CEDULA_JURIDICA, ID_ESTADO) VALUES ('2025-06-21', 1, 3101125, 1);
INSERT INTO VENTAS (FECHA_VENTA, ID_USUARIO, CEDULA_JURIDICA, ID_ESTADO) VALUES ('2025-06-22', 2, 3101124, 1);
INSERT INTO VENTAS (FECHA_VENTA, ID_USUARIO, CEDULA_JURIDICA, ID_ESTADO) VALUES ('2025-06-22', 1, 3101126, 1);
INSERT INTO VENTAS (FECHA_VENTA, ID_USUARIO, CEDULA_JURIDICA, ID_ESTADO) VALUES ('2025-06-23', 1, 3101124, 1);
INSERT INTO VENTAS (FECHA_VENTA, ID_USUARIO, CEDULA_JURIDICA, ID_ESTADO) VALUES ('2025-06-23', 2, 3101125, 1);

INSERT INTO VENTAS (FECHA_VENTA, ID_USUARIO, CEDULA_JURIDICA, ID_ESTADO) VALUES ('2025-06-24', 1, 3101125, 1);
INSERT INTO VENTAS (FECHA_VENTA, ID_USUARIO, CEDULA_JURIDICA, ID_ESTADO) VALUES ('2025-06-24', 2, 3101126, 1);
INSERT INTO VENTAS (FECHA_VENTA, ID_USUARIO, CEDULA_JURIDICA, ID_ESTADO) VALUES ('2025-06-24', 1, 3101124, 1);
INSERT INTO VENTAS (FECHA_VENTA, ID_USUARIO, CEDULA_JURIDICA, ID_ESTADO) VALUES ('2025-06-24', 2, 3101125, 1);

INSERT INTO VENTAS (FECHA_VENTA, ID_USUARIO, CEDULA_JURIDICA, ID_ESTADO) VALUES ('2025-06-25', 2, 3101124, 1);
INSERT INTO VENTAS (FECHA_VENTA, ID_USUARIO, CEDULA_JURIDICA, ID_ESTADO) VALUES ('2025-06-25', 1, 3101126, 1);
INSERT INTO VENTAS (FECHA_VENTA, ID_USUARIO, CEDULA_JURIDICA, ID_ESTADO) VALUES ('2025-06-25', 1, 3101125, 1);
INSERT INTO VENTAS (FECHA_VENTA, ID_USUARIO, CEDULA_JURIDICA, ID_ESTADO) VALUES ('2025-06-25', 2, 3101126, 1);

INSERT INTO VENTAS (FECHA_VENTA, ID_USUARIO, CEDULA_JURIDICA, ID_ESTADO) VALUES ('2025-06-26', 1, 3101124, 1);
INSERT INTO VENTAS (FECHA_VENTA, ID_USUARIO, CEDULA_JURIDICA, ID_ESTADO) VALUES ('2025-06-26', 2, 3101125, 1);
INSERT INTO VENTAS (FECHA_VENTA, ID_USUARIO, CEDULA_JURIDICA, ID_ESTADO) VALUES ('2025-06-26', 1, 3101126, 1);
INSERT INTO VENTAS (FECHA_VENTA, ID_USUARIO, CEDULA_JURIDICA, ID_ESTADO) VALUES ('2025-06-26', 2, 3101124, 1);

INSERT INTO VENTAS (FECHA_VENTA, ID_USUARIO, CEDULA_JURIDICA, ID_ESTADO) VALUES ('2025-06-27', 1, 3101125, 1);
INSERT INTO VENTAS (FECHA_VENTA, ID_USUARIO, CEDULA_JURIDICA, ID_ESTADO) VALUES ('2025-06-27', 2, 3101126, 1);
INSERT INTO VENTAS (FECHA_VENTA, ID_USUARIO, CEDULA_JURIDICA, ID_ESTADO) VALUES ('2025-06-27', 2, 3101124, 1);
INSERT INTO VENTAS (FECHA_VENTA, ID_USUARIO, CEDULA_JURIDICA, ID_ESTADO) VALUES ('2025-06-27', 1, 3101126, 1);

INSERT INTO VENTAS (FECHA_VENTA, ID_USUARIO, CEDULA_JURIDICA, ID_ESTADO) VALUES ('2025-06-28', 1, 3101125, 1);
INSERT INTO VENTAS (FECHA_VENTA, ID_USUARIO, CEDULA_JURIDICA, ID_ESTADO) VALUES ('2025-06-28', 2, 3101126, 1);
INSERT INTO VENTAS (FECHA_VENTA, ID_USUARIO, CEDULA_JURIDICA, ID_ESTADO) VALUES ('2025-06-28', 1, 3101124, 1);
INSERT INTO VENTAS (FECHA_VENTA, ID_USUARIO, CEDULA_JURIDICA, ID_ESTADO) VALUES ('2025-06-28', 2, 3101125, 1);

INSERT INTO VENTAS (FECHA_VENTA, ID_USUARIO, CEDULA_JURIDICA, ID_ESTADO) VALUES ('2025-06-29', 2, 3101124, 1);
INSERT INTO VENTAS (FECHA_VENTA, ID_USUARIO, CEDULA_JURIDICA, ID_ESTADO) VALUES ('2025-06-29', 1, 3101125, 1);
INSERT INTO VENTAS (FECHA_VENTA, ID_USUARIO, CEDULA_JURIDICA, ID_ESTADO) VALUES ('2025-06-29', 1, 3101126, 1);
INSERT INTO VENTAS (FECHA_VENTA, ID_USUARIO, CEDULA_JURIDICA, ID_ESTADO) VALUES ('2025-06-29', 2, 3101125, 1);

INSERT INTO VENTAS (FECHA_VENTA, ID_USUARIO, CEDULA_JURIDICA, ID_ESTADO) VALUES ('2025-06-30', 1, 3101124, 1);
INSERT INTO VENTAS (FECHA_VENTA, ID_USUARIO, CEDULA_JURIDICA, ID_ESTADO) VALUES ('2025-06-30', 2, 3101126, 1);
INSERT INTO VENTAS (FECHA_VENTA, ID_USUARIO, CEDULA_JURIDICA, ID_ESTADO) VALUES ('2025-06-30', 1, 3101125, 1);
INSERT INTO VENTAS (FECHA_VENTA, ID_USUARIO, CEDULA_JURIDICA, ID_ESTADO) VALUES ('2025-06-30', 2, 3101124, 1);

INSERT INTO VENTAS (FECHA_VENTA, ID_USUARIO, CEDULA_JURIDICA, ID_ESTADO) VALUES ('2025-06-24', 1, 3101126, 1);
INSERT INTO VENTAS (FECHA_VENTA, ID_USUARIO, CEDULA_JURIDICA, ID_ESTADO) VALUES ('2025-06-25', 2, 3101125, 1);
INSERT INTO VENTAS (FECHA_VENTA, ID_USUARIO, CEDULA_JURIDICA, ID_ESTADO) VALUES ('2025-06-26', 1, 3101124, 1);
INSERT INTO VENTAS (FECHA_VENTA, ID_USUARIO, CEDULA_JURIDICA, ID_ESTADO) VALUES ('2025-06-27', 2, 3101125, 1);
INSERT INTO VENTAS (FECHA_VENTA, ID_USUARIO, CEDULA_JURIDICA, ID_ESTADO) VALUES ('2025-06-28', 1, 3101126, 1);
INSERT INTO VENTAS (FECHA_VENTA, ID_USUARIO, CEDULA_JURIDICA, ID_ESTADO) VALUES ('2025-06-29', 2, 3101124, 1);
INSERT INTO VENTAS (FECHA_VENTA, ID_USUARIO, CEDULA_JURIDICA, ID_ESTADO) VALUES ('2025-06-30', 1, 3101125, 1);
INSERT INTO VENTAS (FECHA_VENTA, ID_USUARIO, CEDULA_JURIDICA, ID_ESTADO) VALUES ('2025-06-24', 2, 3101124, 1);
INSERT INTO VENTAS (FECHA_VENTA, ID_USUARIO, CEDULA_JURIDICA, ID_ESTADO) VALUES ('2025-06-25', 1, 3101126, 1);
INSERT INTO VENTAS (FECHA_VENTA, ID_USUARIO, CEDULA_JURIDICA, ID_ESTADO) VALUES ('2025-06-26', 2, 3101125, 1);
INSERT INTO VENTAS (FECHA_VENTA, ID_USUARIO, CEDULA_JURIDICA, ID_ESTADO) VALUES ('2025-06-27', 1, 3101124, 1);
INSERT INTO VENTAS (FECHA_VENTA, ID_USUARIO, CEDULA_JURIDICA, ID_ESTADO) VALUES ('2025-06-28', 2, 3101125, 1);
INSERT INTO VENTAS (FECHA_VENTA, ID_USUARIO, CEDULA_JURIDICA, ID_ESTADO) VALUES ('2025-06-29', 1, 3101126, 1);
INSERT INTO VENTAS (FECHA_VENTA, ID_USUARIO, CEDULA_JURIDICA, ID_ESTADO) VALUES ('2025-06-30', 2, 3101124, 1);
INSERT INTO VENTAS (FECHA_VENTA, ID_USUARIO, CEDULA_JURIDICA, ID_ESTADO) VALUES ('2025-06-24', 1, 3101125, 1);
INSERT INTO VENTAS (FECHA_VENTA, ID_USUARIO, CEDULA_JURIDICA, ID_ESTADO) VALUES ('2025-06-25', 2, 3101126, 1);
INSERT INTO VENTAS (FECHA_VENTA, ID_USUARIO, CEDULA_JURIDICA, ID_ESTADO) VALUES ('2025-06-26', 1, 3101125, 1);
INSERT INTO VENTAS (FECHA_VENTA, ID_USUARIO, CEDULA_JURIDICA, ID_ESTADO) VALUES ('2025-06-27', 2, 3101126, 1);
INSERT INTO VENTAS (FECHA_VENTA, ID_USUARIO, CEDULA_JURIDICA, ID_ESTADO) VALUES ('2025-06-28', 1, 3101124, 1);
INSERT INTO VENTAS (FECHA_VENTA, ID_USUARIO, CEDULA_JURIDICA, ID_ESTADO) VALUES ('2025-06-29', 2, 3101125, 1);
INSERT INTO VENTAS (FECHA_VENTA, ID_USUARIO, CEDULA_JURIDICA, ID_ESTADO) VALUES ('2025-06-30', 1, 3101126, 1);
INSERT INTO VENTAS (FECHA_VENTA, ID_USUARIO, CEDULA_JURIDICA, ID_ESTADO) VALUES ('2025-06-25', 2, 3101124, 1);
INSERT INTO VENTAS (FECHA_VENTA, ID_USUARIO, CEDULA_JURIDICA, ID_ESTADO) VALUES ('2025-06-26', 1, 3101126, 1);
INSERT INTO VENTAS (FECHA_VENTA, ID_USUARIO, CEDULA_JURIDICA, ID_ESTADO) VALUES ('2025-06-27', 2, 3101125, 1);
INSERT INTO VENTAS (FECHA_VENTA, ID_USUARIO, CEDULA_JURIDICA, ID_ESTADO) VALUES ('2025-06-28', 1, 3101126, 1);
INSERT INTO VENTAS (FECHA_VENTA, ID_USUARIO, CEDULA_JURIDICA, ID_ESTADO) VALUES ('2025-06-29', 2, 3101124, 1);

INSERT INTO VENTAS (FECHA_VENTA, ID_USUARIO, CEDULA_JURIDICA, ID_ESTADO) VALUES ('2025-07-01', 1, 3101124, 2);
INSERT INTO VENTAS (FECHA_VENTA, ID_USUARIO, CEDULA_JURIDICA, ID_ESTADO) VALUES ('2025-07-01', 2, 3101125, 1);
INSERT INTO VENTAS (FECHA_VENTA, ID_USUARIO, CEDULA_JURIDICA, ID_ESTADO) VALUES ('2025-07-02', 1, 3101126, 2);
INSERT INTO VENTAS (FECHA_VENTA, ID_USUARIO, CEDULA_JURIDICA, ID_ESTADO) VALUES ('2025-07-02', 2, 3101124, 1);
INSERT INTO VENTAS (FECHA_VENTA, ID_USUARIO, CEDULA_JURIDICA, ID_ESTADO) VALUES ('2025-07-03', 1, 3101125, 2);
INSERT INTO VENTAS (FECHA_VENTA, ID_USUARIO, CEDULA_JURIDICA, ID_ESTADO) VALUES ('2025-07-03', 2, 3101126, 1);
INSERT INTO VENTAS (FECHA_VENTA, ID_USUARIO, CEDULA_JURIDICA, ID_ESTADO) VALUES ('2025-07-04', 1, 3101124, 2);
INSERT INTO VENTAS (FECHA_VENTA, ID_USUARIO, CEDULA_JURIDICA, ID_ESTADO) VALUES ('2025-07-04', 2, 3101125, 1);
INSERT INTO VENTAS (FECHA_VENTA, ID_USUARIO, CEDULA_JURIDICA, ID_ESTADO) VALUES ('2025-07-05', 1, 3101126, 2);
INSERT INTO VENTAS (FECHA_VENTA, ID_USUARIO, CEDULA_JURIDICA, ID_ESTADO) VALUES ('2025-07-05', 2, 3101124, 1);

INSERT INTO VENTAS (FECHA_VENTA, ID_USUARIO, CEDULA_JURIDICA, ID_ESTADO) VALUES ('2025-07-06', 1, 3101125, 2);
INSERT INTO VENTAS (FECHA_VENTA, ID_USUARIO, CEDULA_JURIDICA, ID_ESTADO) VALUES ('2025-07-06', 2, 3101126, 1);
INSERT INTO VENTAS (FECHA_VENTA, ID_USUARIO, CEDULA_JURIDICA, ID_ESTADO) VALUES ('2025-07-07', 1, 3101124, 1);
INSERT INTO VENTAS (FECHA_VENTA, ID_USUARIO, CEDULA_JURIDICA, ID_ESTADO) VALUES ('2025-07-07', 2, 3101125, 2);
INSERT INTO VENTAS (FECHA_VENTA, ID_USUARIO, CEDULA_JURIDICA, ID_ESTADO) VALUES ('2025-07-08', 1, 3101126, 2);
INSERT INTO VENTAS (FECHA_VENTA, ID_USUARIO, CEDULA_JURIDICA, ID_ESTADO) VALUES ('2025-07-08', 2, 3101124, 1);
INSERT INTO VENTAS (FECHA_VENTA, ID_USUARIO, CEDULA_JURIDICA, ID_ESTADO) VALUES ('2025-07-09', 1, 3101125, 1);
INSERT INTO VENTAS (FECHA_VENTA, ID_USUARIO, CEDULA_JURIDICA, ID_ESTADO) VALUES ('2025-07-09', 2, 3101126, 2);
INSERT INTO VENTAS (FECHA_VENTA, ID_USUARIO, CEDULA_JURIDICA, ID_ESTADO) VALUES ('2025-07-10', 1, 3101124, 2);
INSERT INTO VENTAS (FECHA_VENTA, ID_USUARIO, CEDULA_JURIDICA, ID_ESTADO) VALUES ('2025-07-10', 2, 3101125, 1);

INSERT INTO VENTAS (FECHA_VENTA, ID_USUARIO, CEDULA_JURIDICA, ID_ESTADO) VALUES ('2025-07-11', 1, 3101126, 1);
INSERT INTO VENTAS (FECHA_VENTA, ID_USUARIO, CEDULA_JURIDICA, ID_ESTADO) VALUES ('2025-07-11', 2, 3101124, 2);
INSERT INTO VENTAS (FECHA_VENTA, ID_USUARIO, CEDULA_JURIDICA, ID_ESTADO) VALUES ('2025-07-12', 1, 3101125, 2);
INSERT INTO VENTAS (FECHA_VENTA, ID_USUARIO, CEDULA_JURIDICA, ID_ESTADO) VALUES ('2025-07-12', 2, 3101126, 1);
INSERT INTO VENTAS (FECHA_VENTA, ID_USUARIO, CEDULA_JURIDICA, ID_ESTADO) VALUES ('2025-07-13', 1, 3101124, 1);
INSERT INTO VENTAS (FECHA_VENTA, ID_USUARIO, CEDULA_JURIDICA, ID_ESTADO) VALUES ('2025-07-13', 2, 3101125, 2);
INSERT INTO VENTAS (FECHA_VENTA, ID_USUARIO, CEDULA_JURIDICA, ID_ESTADO) VALUES ('2025-07-14', 1, 3101126, 2);
INSERT INTO VENTAS (FECHA_VENTA, ID_USUARIO, CEDULA_JURIDICA, ID_ESTADO) VALUES ('2025-07-14', 2, 3101124, 1);
INSERT INTO VENTAS (FECHA_VENTA, ID_USUARIO, CEDULA_JURIDICA, ID_ESTADO) VALUES ('2025-07-15', 1, 3101125, 1);
INSERT INTO VENTAS (FECHA_VENTA, ID_USUARIO, CEDULA_JURIDICA, ID_ESTADO) VALUES ('2025-07-15', 2, 3101126, 1);

INSERT INTO VENTAS (FECHA_VENTA, ID_USUARIO, CEDULA_JURIDICA, ID_ESTADO) VALUES ('2025-07-16', 1, 3101124, 2);
INSERT INTO VENTAS (FECHA_VENTA, ID_USUARIO, CEDULA_JURIDICA, ID_ESTADO) VALUES ('2025-07-16', 2, 3101125, 1);
INSERT INTO VENTAS (FECHA_VENTA, ID_USUARIO, CEDULA_JURIDICA, ID_ESTADO) VALUES ('2025-07-17', 1, 3101126, 1);
INSERT INTO VENTAS (FECHA_VENTA, ID_USUARIO, CEDULA_JURIDICA, ID_ESTADO) VALUES ('2025-07-17', 2, 3101124, 2);
INSERT INTO VENTAS (FECHA_VENTA, ID_USUARIO, CEDULA_JURIDICA, ID_ESTADO) VALUES ('2025-07-18', 1, 3101125, 2);
INSERT INTO VENTAS (FECHA_VENTA, ID_USUARIO, CEDULA_JURIDICA, ID_ESTADO) VALUES ('2025-07-18', 2, 3101126, 1);
INSERT INTO VENTAS (FECHA_VENTA, ID_USUARIO, CEDULA_JURIDICA, ID_ESTADO) VALUES ('2025-07-19', 1, 3101124, 1);
INSERT INTO VENTAS (FECHA_VENTA, ID_USUARIO, CEDULA_JURIDICA, ID_ESTADO) VALUES ('2025-07-19', 2, 3101125, 1);
INSERT INTO VENTAS (FECHA_VENTA, ID_USUARIO, CEDULA_JURIDICA, ID_ESTADO) VALUES ('2025-07-20', 1, 3101126, 2);
INSERT INTO VENTAS (FECHA_VENTA, ID_USUARIO, CEDULA_JURIDICA, ID_ESTADO) VALUES ('2025-07-20', 2, 3101124, 1);

INSERT INTO VENTAS (FECHA_VENTA, ID_USUARIO, CEDULA_JURIDICA, ID_ESTADO) VALUES ('2025-07-21', 1, 3101125, 1);
INSERT INTO VENTAS (FECHA_VENTA, ID_USUARIO, CEDULA_JURIDICA, ID_ESTADO) VALUES ('2025-07-21', 2, 3101126, 2);
INSERT INTO VENTAS (FECHA_VENTA, ID_USUARIO, CEDULA_JURIDICA, ID_ESTADO) VALUES ('2025-07-22', 1, 3101124, 2);
INSERT INTO VENTAS (FECHA_VENTA, ID_USUARIO, CEDULA_JURIDICA, ID_ESTADO) VALUES ('2025-07-22', 2, 3101125, 1);
INSERT INTO VENTAS (FECHA_VENTA, ID_USUARIO, CEDULA_JURIDICA, ID_ESTADO) VALUES ('2025-07-23', 1, 3101126, 1);
INSERT INTO VENTAS (FECHA_VENTA, ID_USUARIO, CEDULA_JURIDICA, ID_ESTADO) VALUES ('2025-07-23', 2, 3101124, 2);
INSERT INTO VENTAS (FECHA_VENTA, ID_USUARIO, CEDULA_JURIDICA, ID_ESTADO) VALUES ('2025-07-24', 1, 3101125, 2);
INSERT INTO VENTAS (FECHA_VENTA, ID_USUARIO, CEDULA_JURIDICA, ID_ESTADO) VALUES ('2025-07-24', 2, 3101126, 1);
INSERT INTO VENTAS (FECHA_VENTA, ID_USUARIO, CEDULA_JURIDICA, ID_ESTADO) VALUES ('2025-07-25', 1, 3101124, 1);
INSERT INTO VENTAS (FECHA_VENTA, ID_USUARIO, CEDULA_JURIDICA, ID_ESTADO) VALUES ('2025-07-25', 2, 3101125, 1);



-- SELECTS PARA COMPROBAR LA INFO
SELECT * FROM ESTADO;
SELECT * FROM PAIS;
SELECT * FROM PROVINCIA;
SELECT * FROM CANTON;
SELECT * FROM DISTRITO;
SELECT * FROM ROLES;
SELECT * FROM USUARIOS;
SELECT * FROM EMPRESA;
SELECT * FROM DIRECCION_EMPRESA;
SELECT * FROM CATEGORIAS;
SELECT * FROM PRODUCTOS;
SELECT * FROM VENTAS;
SELECT * FROM DETALLE_VENTA;
SELECT * FROM TIPOS_MOVIMIENTO;
SELECT * FROM MOVIMIENTOS_INVENTARIO;
SELECT * FROM BITACORA;


