-- INSERTS
USE GESTION_VENTAS;

-- ESTADOS
INSERT INTO FIDE_ESTADO_TB (FIDE_ESTADO_ID_PK,FIDE_ESTADO_TIPO) VALUES (1, 'Activo' );
INSERT INTO FIDE_ESTADO_TB (FIDE_ESTADO_ID_PK,FIDE_ESTADO_TIPO) VALUES (2, 'Inactivo' );


-- PAIS
INSERT INTO FIDE_PAIS_TB (FIDE_PAIS_NOMBRE, FIDE_ESTADO_ID_FK) VALUES ('Panamá', 1);
INSERT INTO FIDE_PAIS_TB (FIDE_PAIS_NOMBRE, FIDE_ESTADO_ID_FK) VALUES ('Nicaragua', 1);
INSERT INTO FIDE_PAIS_TB (FIDE_PAIS_NOMBRE, FIDE_ESTADO_ID_FK) VALUES ('Honduras', 1);

-- PROVINCIA
INSERT INTO FIDE_PROVINCIA_TB (FIDE_PROVINCIA_NOMBRE, FIDE_ESTADO_ID_FK) VALUES ('San José', 1);
INSERT INTO FIDE_PROVINCIA_TB (FIDE_PROVINCIA_NOMBRE, FIDE_ESTADO_ID_FK) VALUES ('Alajuela', 1);
INSERT INTO FIDE_PROVINCIA_TB (FIDE_PROVINCIA_NOMBRE, FIDE_ESTADO_ID_FK) VALUES ('Cartago', 1);

-- CANTON
INSERT INTO FIDE_CANTON_TB (FIDE_CANTON_NOMBRE, FIDE_ESTADO_ID_FK) VALUES ('Escazú', 1);
INSERT INTO FIDE_CANTON_TB (FIDE_CANTON_NOMBRE, FIDE_ESTADO_ID_FK) VALUES ('Alajuela', 1);
INSERT INTO FIDE_CANTON_TB (FIDE_CANTON_NOMBRE, FIDE_ESTADO_ID_FK) VALUES ('Oreamuno', 1);

-- DISTRITO
INSERT INTO FIDE_DISTRITO_TB (FIDE_DISTRITO_NOMBRE, FIDE_ESTADO_ID_FK) VALUES ('San Rafael', 1);
INSERT INTO FIDE_DISTRITO_TB (FIDE_DISTRITO_NOMBRE, FIDE_ESTADO_ID_FK) VALUES ('Tambor', 1);
INSERT INTO FIDE_DISTRITO_TB (FIDE_DISTRITO_NOMBRE, FIDE_ESTADO_ID_FK) VALUES ('San Nicolás', 1);

-- ROLES
INSERT INTO FIDE_ROLES_TB (FIDE_ROLES_NOMBRE, FIDE_ESTADO_ID_FK) VALUES ('Técnico', 1);-- ID 1
INSERT INTO FIDE_ROLES_TB (FIDE_ROLES_NOMBRE, FIDE_ESTADO_ID_FK) VALUES ('Contador', 2); -- ID 2

-- USUARIOS 
INSERT INTO FIDE_USUARIOS_TB (FIDE_USUARIOS_NOMBRE, FIDE_USUARIOS_APELLIDO1, FIDE_USUARIOS_APELLIDO2, FIDE_USUARIOS_RED, FIDE_USUARIOS_PASS, FIDE_ROLES_ID_FK, FIDE_ESTADO_ID_FK) 
VALUES ('Carlos', 'Ramírez', 'González', 'carlos.ramirez', '1234', 1, 1);
INSERT INTO FIDE_USUARIOS_TB (FIDE_USUARIOS_NOMBRE, FIDE_USUARIOS_APELLIDO1, FIDE_USUARIOS_APELLIDO2, FIDE_USUARIOS_RED, FIDE_USUARIOS_PASS, FIDE_ROLES_ID_FK, FIDE_ESTADO_ID_FK) 
VALUES ('María', 'Lopez', 'Vargas', 'maria.lopez', '0987', 2, 1);


-- EMPRESA
INSERT INTO FIDE_EMPRESA_TB (FIDE_EMPRESA_CEDULA_PK, FIDE_EMPRESA_NOMBRE, FIDE_EMPRESA_TELEFONO, FIDE_EMPRESA_CORREO, FIDE_ESTADO_ID_FK)
VALUES (3101124, 'Innovate CR', '2222-4444', 'contact@innovate.cr', 1);
INSERT INTO FIDE_EMPRESA_TB (FIDE_EMPRESA_CEDULA_PK, FIDE_EMPRESA_NOMBRE, FIDE_EMPRESA_TELEFONO, FIDE_EMPRESA_CORREO, FIDE_ESTADO_ID_FK)
VALUES (3101125, 'EcoStore', '2222-5555', 'ventas@ecostore.cr', 1);
INSERT INTO FIDE_EMPRESA_TB (FIDE_EMPRESA_CEDULA_PK, FIDE_EMPRESA_NOMBRE, FIDE_EMPRESA_TELEFONO, FIDE_EMPRESA_CORREO, FIDE_ESTADO_ID_FK)
VALUES (3101126, 'SmartTech', '2222-6666', 'info@smarttech.cr', 1);

-- DIRECCION_EMPRESA
INSERT INTO FIDE_DIRECCION_EMPRESA_TB (FIDE_EMPRESA_CEDULA_FK, FIDE_PAIS_ID_FK, FIDE_PROVINCIA_ID_FK, FIDE_CANTON_ID_FK, FIDE_DISTRITO_ID_FK, FIDE_DIRECCION_OTRAS_SENAS, FIDE_ESTADO_ID_FK)
VALUES (3101124, 1, 2, 2, 2, '200 mts norte del colegio', 1);
INSERT INTO FIDE_DIRECCION_EMPRESA_TB (FIDE_EMPRESA_CEDULA_FK, FIDE_PAIS_ID_FK, FIDE_PROVINCIA_ID_FK, FIDE_CANTON_ID_FK, FIDE_DISTRITO_ID_FK, FIDE_DIRECCION_OTRAS_SENAS, FIDE_ESTADO_ID_FK)
VALUES (3101125, 1, 3, 3, 3, 'Frente a la plaza', 1);
INSERT INTO FIDE_DIRECCION_EMPRESA_TB (FIDE_EMPRESA_CEDULA_FK, FIDE_PAIS_ID_FK, FIDE_PROVINCIA_ID_FK, FIDE_CANTON_ID_FK, FIDE_DISTRITO_ID_FK, FIDE_DIRECCION_OTRAS_SENAS, FIDE_ESTADO_ID_FK)
VALUES (3101126, 2, 1, 1, 1, 'Al lado del banco nacional', 1);

-- CATEGORIAS
INSERT INTO FIDE_CATEGORIAS_TB (FIDE_CATEGORIAS_NOMBRE, FIDE_CATEGORIAS_DESCRIPCION, FIDE_ESTADO_ID_FK)
VALUES ('Hogar', 'Electrodomésticos y mobiliario', 1);
INSERT INTO FIDE_CATEGORIAS_TB (FIDE_CATEGORIAS_NOMBRE, FIDE_CATEGORIAS_DESCRIPCION, FIDE_ESTADO_ID_FK)
VALUES ('Deportes', 'Equipos y accesorios deportivos', 1);
INSERT INTO FIDE_CATEGORIAS_TB (FIDE_CATEGORIAS_NOMBRE, FIDE_CATEGORIAS_DESCRIPCION, FIDE_ESTADO_ID_FK)
VALUES ('Ropa', 'Vestimenta y accesorios', 1);
INSERT INTO FIDE_CATEGORIAS_TB (FIDE_CATEGORIAS_NOMBRE, FIDE_CATEGORIAS_DESCRIPCION, FIDE_ESTADO_ID_FK)
VALUES ('Tecnología', 'Dispositivos electrónicos y accesorios', 1);


-- PRODUCTOS
INSERT INTO FIDE_PRODUCTOS_TB (FIDE_PRODUCTOS_CODIGO, FIDE_PRODUCTOS_NOMBRE, FIDE_PRODUCTOS_COSTO, FIDE_PRODUCTOS_DESCRIPCION, FIDE_CATEGORIAS_ID_FK, FIDE_ESTADO_ID_FK)
VALUES (1002, 'Refrigeradora LG', 600.00, 'Refrigeradora con ahorro energético', 1, 1);
INSERT INTO FIDE_PRODUCTOS_TB (FIDE_PRODUCTOS_CODIGO, FIDE_PRODUCTOS_NOMBRE, FIDE_PRODUCTOS_COSTO, FIDE_PRODUCTOS_DESCRIPCION, FIDE_CATEGORIAS_ID_FK, FIDE_ESTADO_ID_FK)
VALUES (1003, 'Bicicleta Montaña', 350.00, 'Bicicleta todo terreno', 2, 1);
INSERT INTO FIDE_PRODUCTOS_TB (FIDE_PRODUCTOS_CODIGO, FIDE_PRODUCTOS_NOMBRE, FIDE_PRODUCTOS_COSTO, FIDE_PRODUCTOS_DESCRIPCION, FIDE_CATEGORIAS_ID_FK, FIDE_ESTADO_ID_FK)
VALUES (1004, 'Camiseta deportiva', 20.00, 'Camiseta dry-fit unisex', 3, 1);
INSERT INTO FIDE_PRODUCTOS_TB (FIDE_PRODUCTOS_CODIGO, FIDE_PRODUCTOS_NOMBRE, FIDE_PRODUCTOS_COSTO, FIDE_PRODUCTOS_DESCRIPCION, FIDE_CATEGORIAS_ID_FK, FIDE_ESTADO_ID_FK)
VALUES (1005, 'Monitor Samsung 27"', 220.00, 'Monitor LED Full HD de 27 pulgadas', 4, 1);
INSERT INTO FIDE_PRODUCTOS_TB (FIDE_PRODUCTOS_CODIGO, FIDE_PRODUCTOS_NOMBRE, FIDE_PRODUCTOS_COSTO, FIDE_PRODUCTOS_DESCRIPCION, FIDE_CATEGORIAS_ID_FK, FIDE_ESTADO_ID_FK)
VALUES (1006, 'Mouse Logitech G203', 30.00, 'Mouse gamer con iluminación RGB', 4, 1);
INSERT INTO FIDE_PRODUCTOS_TB (FIDE_PRODUCTOS_CODIGO, FIDE_PRODUCTOS_NOMBRE, FIDE_PRODUCTOS_COSTO, FIDE_PRODUCTOS_DESCRIPCION, FIDE_CATEGORIAS_ID_FK, FIDE_ESTADO_ID_FK)
VALUES (1007, 'Teclado Mecánico Redragon', 55.00, 'Teclado mecánico retroiluminado para gamers', 4, 1);
INSERT INTO FIDE_PRODUCTOS_TB (FIDE_PRODUCTOS_CODIGO, FIDE_PRODUCTOS_NOMBRE, FIDE_PRODUCTOS_COSTO, FIDE_PRODUCTOS_DESCRIPCION, FIDE_CATEGORIAS_ID_FK, FIDE_ESTADO_ID_FK)
VALUES (1008, 'Tarjeta Gráfica NVIDIA RTX 3060', 410.00, 'GPU para gaming de alto rendimiento', 4, 1);
INSERT INTO FIDE_PRODUCTOS_TB (FIDE_PRODUCTOS_CODIGO, FIDE_PRODUCTOS_NOMBRE, FIDE_PRODUCTOS_COSTO, FIDE_PRODUCTOS_DESCRIPCION, FIDE_CATEGORIAS_ID_FK, FIDE_ESTADO_ID_FK)
VALUES (1009, 'Laptop ASUS VivoBook', 750.00, 'Laptop ligera con procesador Ryzen 5', 4, 1);
INSERT INTO FIDE_PRODUCTOS_TB (FIDE_PRODUCTOS_CODIGO, FIDE_PRODUCTOS_NOMBRE, FIDE_PRODUCTOS_COSTO, FIDE_PRODUCTOS_DESCRIPCION, FIDE_CATEGORIAS_ID_FK, FIDE_ESTADO_ID_FK)
VALUES (1010, 'Disco Duro SSD 1TB', 95.00, 'Almacenamiento sólido de 1TB con alta velocidad', 4, 1);
INSERT INTO FIDE_PRODUCTOS_TB (FIDE_PRODUCTOS_CODIGO, FIDE_PRODUCTOS_NOMBRE, FIDE_PRODUCTOS_COSTO, FIDE_PRODUCTOS_DESCRIPCION, FIDE_CATEGORIAS_ID_FK, FIDE_ESTADO_ID_FK)
VALUES (1011, 'Auriculares Gamer HyperX', 65.00, 'Auriculares con micrófono y sonido envolvente', 4, 1);
INSERT INTO FIDE_PRODUCTOS_TB (FIDE_PRODUCTOS_CODIGO, FIDE_PRODUCTOS_NOMBRE, FIDE_PRODUCTOS_COSTO, FIDE_PRODUCTOS_DESCRIPCION, FIDE_CATEGORIAS_ID_FK, FIDE_ESTADO_ID_FK)
VALUES (1012, 'Webcam Logitech C920', 70.00, 'Cámara web Full HD ideal para videollamadas', 4, 1);
INSERT INTO FIDE_PRODUCTOS_TB (FIDE_PRODUCTOS_CODIGO, FIDE_PRODUCTOS_NOMBRE, FIDE_PRODUCTOS_COSTO, FIDE_PRODUCTOS_DESCRIPCION, FIDE_CATEGORIAS_ID_FK, FIDE_ESTADO_ID_FK)
VALUES (1013, 'Silla Gamer Razer', 180.00, 'Silla ergonómica con soporte lumbar', 4, 1);
INSERT INTO FIDE_PRODUCTOS_TB (FIDE_PRODUCTOS_CODIGO, FIDE_PRODUCTOS_NOMBRE, FIDE_PRODUCTOS_COSTO, FIDE_PRODUCTOS_DESCRIPCION, FIDE_CATEGORIAS_ID_FK, FIDE_ESTADO_ID_FK)
VALUES (1014, 'Tablet Lenovo M10', 200.00, 'Tablet de 10.1 pulgadas ideal para estudio y multimedia', 4, 1);

-- TIPOS_MOVIMIENTO
INSERT INTO FIDE_TIPOS_MOVIMIENTO_TB (FIDE_TIPOS_MOVIMIENTO_NOMBRE, FIDE_ESTADO_ID_FK) VALUES ('Entrada', 1);
INSERT INTO FIDE_TIPOS_MOVIMIENTO_TB (FIDE_TIPOS_MOVIMIENTO_NOMBRE, FIDE_ESTADO_ID_FK) VALUES ('Salida', 1);


-- MOVIMIENTOS_INVENTARIO
INSERT INTO FIDE_MOVIMIENTOS_INVENTARIO_TB (FIDE_PRODUCTOS_ID_FK, FIDE_TIPOS_MOVIMIENTO_ID_FK, FIDE_MOVIMIENTOS_CANTIDAD, FIDE_MOVIMIENTOS_FECHA, FIDE_MOVIMIENTOS_DETALLES, FIDE_ESTADO_ID_FK)
VALUES (2, 1, 5, '2025-06-01', 'Ingreso de producto', 1);
INSERT INTO FIDE_MOVIMIENTOS_INVENTARIO_TB (FIDE_PRODUCTOS_ID_FK, FIDE_TIPOS_MOVIMIENTO_ID_FK, FIDE_MOVIMIENTOS_CANTIDAD, FIDE_MOVIMIENTOS_FECHA, FIDE_MOVIMIENTOS_DETALLES, FIDE_ESTADO_ID_FK)
VALUES (3, 1, 3, '2025-06-03', 'Ingreso de producto', 1);
INSERT INTO FIDE_MOVIMIENTOS_INVENTARIO_TB (FIDE_PRODUCTOS_ID_FK, FIDE_TIPOS_MOVIMIENTO_ID_FK, FIDE_MOVIMIENTOS_CANTIDAD, FIDE_MOVIMIENTOS_FECHA, FIDE_MOVIMIENTOS_DETALLES, FIDE_ESTADO_ID_FK)
VALUES (1, 2, 10, '2025-06-04', 'Salida de producto', 1);

-- BITACORA 
INSERT INTO FIDE_BITACORA_TB (FIDE_USUARIOS_ID_FK, FIDE_BITACORA_EVENTO, FIDE_BITACORA_DESCRIPCION, FIDE_BITACORA_FECHA, FIDE_ESTADO_ID_FK)
VALUES (2, 'Modificación de inventario', 'Se modificó la cantidad de productos', '2025-06-01', 1);
INSERT INTO FIDE_BITACORA_TB (FIDE_USUARIOS_ID_FK, FIDE_BITACORA_EVENTO, FIDE_BITACORA_DESCRIPCION, FIDE_BITACORA_FECHA, FIDE_ESTADO_ID_FK)
VALUES (1, 'Registro de evento', 'La cantidad de productos es mayor a la esperada, ajustar para la proxima', '2025-06-02', 1);
INSERT INTO FIDE_BITACORA_TB (FIDE_USUARIOS_ID_FK, FIDE_BITACORA_EVENTO, FIDE_BITACORA_DESCRIPCION, FIDE_BITACORA_FECHA, FIDE_ESTADO_ID_FK)
VALUES (2, 'Entrada de producto', 'Ingreso para el inventario', '2025-06-04', 1);

--150 INSERTS PARA VENTAS

INSERT INTO FIDE_VENTAS_TB (FIDE_VENTAS_FECHA, FIDE_USUARIOS_ID_FK, FIDE_EMPRESA_CEDULA_FK, FIDE_ESTADO_ID_FK) VALUES ('2025-06-01', 2, 3101124, 1);
INSERT INTO FIDE_VENTAS_TB (FIDE_VENTAS_FECHA, FIDE_USUARIOS_ID_FK, FIDE_EMPRESA_CEDULA_FK, FIDE_ESTADO_ID_FK) VALUES ('2025-06-01', 1, 3101125, 2);
INSERT INTO FIDE_VENTAS_TB (FIDE_VENTAS_FECHA, FIDE_USUARIOS_ID_FK, FIDE_EMPRESA_CEDULA_FK, FIDE_ESTADO_ID_FK) VALUES ('2025-06-02', 2, 3101126, 1);
INSERT INTO FIDE_VENTAS_TB (FIDE_VENTAS_FECHA, FIDE_USUARIOS_ID_FK, FIDE_EMPRESA_CEDULA_FK, FIDE_ESTADO_ID_FK) VALUES ('2025-06-02', 1, 3101124, 1);
INSERT INTO FIDE_VENTAS_TB (FIDE_VENTAS_FECHA, FIDE_USUARIOS_ID_FK, FIDE_EMPRESA_CEDULA_FK, FIDE_ESTADO_ID_FK) VALUES ('2025-06-03', 1, 3101126, 1);
INSERT INTO FIDE_VENTAS_TB (FIDE_VENTAS_FECHA, FIDE_USUARIOS_ID_FK, FIDE_EMPRESA_CEDULA_FK, FIDE_ESTADO_ID_FK) VALUES ('2025-06-03', 2, 3101125, 1);
INSERT INTO FIDE_VENTAS_TB (FIDE_VENTAS_FECHA, FIDE_USUARIOS_ID_FK, FIDE_EMPRESA_CEDULA_FK, FIDE_ESTADO_ID_FK) VALUES ('2025-06-04', 2, 3101124, 1);
INSERT INTO FIDE_VENTAS_TB (FIDE_VENTAS_FECHA, FIDE_USUARIOS_ID_FK, FIDE_EMPRESA_CEDULA_FK, FIDE_ESTADO_ID_FK) VALUES ('2025-06-04', 1, 3101125, 1);
INSERT INTO FIDE_VENTAS_TB (FIDE_VENTAS_FECHA, FIDE_USUARIOS_ID_FK, FIDE_EMPRESA_CEDULA_FK, FIDE_ESTADO_ID_FK) VALUES ('2025-06-05', 2, 3101126, 1);
INSERT INTO FIDE_VENTAS_TB (FIDE_VENTAS_FECHA, FIDE_USUARIOS_ID_FK, FIDE_EMPRESA_CEDULA_FK, FIDE_ESTADO_ID_FK) VALUES ('2025-06-05', 1, 3101124, 1);

INSERT INTO FIDE_VENTAS_TB (FIDE_VENTAS_FECHA, FIDE_USUARIOS_ID_FK, FIDE_EMPRESA_CEDULA_FK, FIDE_ESTADO_ID_FK) VALUES ('2025-06-06', 2, 3101125, 1);
INSERT INTO FIDE_VENTAS_TB (FIDE_VENTAS_FECHA, FIDE_USUARIOS_ID_FK, FIDE_EMPRESA_CEDULA_FK, FIDE_ESTADO_ID_FK) VALUES ('2025-06-06', 1, 3101126, 1);
INSERT INTO FIDE_VENTAS_TB (FIDE_VENTAS_FECHA, FIDE_USUARIOS_ID_FK, FIDE_EMPRESA_CEDULA_FK, FIDE_ESTADO_ID_FK) VALUES ('2025-06-07', 1, 3101124, 1);
INSERT INTO FIDE_VENTAS_TB (FIDE_VENTAS_FECHA, FIDE_USUARIOS_ID_FK, FIDE_EMPRESA_CEDULA_FK, FIDE_ESTADO_ID_FK) VALUES ('2025-06-07', 2, 3101126, 1);
INSERT INTO FIDE_VENTAS_TB (FIDE_VENTAS_FECHA, FIDE_USUARIOS_ID_FK, FIDE_EMPRESA_CEDULA_FK, FIDE_ESTADO_ID_FK) VALUES ('2025-06-08', 2, 3101125, 1);
INSERT INTO FIDE_VENTAS_TB (FIDE_VENTAS_FECHA, FIDE_USUARIOS_ID_FK, FIDE_EMPRESA_CEDULA_FK, FIDE_ESTADO_ID_FK) VALUES ('2025-06-08', 1, 3101124, 1);
INSERT INTO FIDE_VENTAS_TB (FIDE_VENTAS_FECHA, FIDE_USUARIOS_ID_FK, FIDE_EMPRESA_CEDULA_FK, FIDE_ESTADO_ID_FK) VALUES ('2025-06-09', 1, 3101125, 1);
INSERT INTO FIDE_VENTAS_TB (FIDE_VENTAS_FECHA, FIDE_USUARIOS_ID_FK, FIDE_EMPRESA_CEDULA_FK, FIDE_ESTADO_ID_FK) VALUES ('2025-06-09', 2, 3101126, 1);
INSERT INTO FIDE_VENTAS_TB (FIDE_VENTAS_FECHA, FIDE_USUARIOS_ID_FK, FIDE_EMPRESA_CEDULA_FK, FIDE_ESTADO_ID_FK) VALUES ('2025-06-10', 2, 3101124, 1);
INSERT INTO FIDE_VENTAS_TB (FIDE_VENTAS_FECHA, FIDE_USUARIOS_ID_FK, FIDE_EMPRESA_CEDULA_FK, FIDE_ESTADO_ID_FK) VALUES ('2025-06-10', 1, 3101126, 1);

INSERT INTO FIDE_VENTAS_TB (FIDE_VENTAS_FECHA, FIDE_USUARIOS_ID_FK, FIDE_EMPRESA_CEDULA_FK, FIDE_ESTADO_ID_FK) VALUES ('2025-06-11', 2, 3101125, 1);
INSERT INTO FIDE_VENTAS_TB (FIDE_VENTAS_FECHA, FIDE_USUARIOS_ID_FK, FIDE_EMPRESA_CEDULA_FK, FIDE_ESTADO_ID_FK) VALUES ('2025-06-11', 1, 3101124, 1);
INSERT INTO FIDE_VENTAS_TB (FIDE_VENTAS_FECHA, FIDE_USUARIOS_ID_FK, FIDE_EMPRESA_CEDULA_FK, FIDE_ESTADO_ID_FK) VALUES ('2025-06-12', 1, 3101125, 1);
INSERT INTO FIDE_VENTAS_TB (FIDE_VENTAS_FECHA, FIDE_USUARIOS_ID_FK, FIDE_EMPRESA_CEDULA_FK, FIDE_ESTADO_ID_FK) VALUES ('2025-06-12', 2, 3101126, 1);
INSERT INTO FIDE_VENTAS_TB (FIDE_VENTAS_FECHA, FIDE_USUARIOS_ID_FK, FIDE_EMPRESA_CEDULA_FK, FIDE_ESTADO_ID_FK) VALUES ('2025-06-13', 2, 3101124, 1);
INSERT INTO FIDE_VENTAS_TB (FIDE_VENTAS_FECHA, FIDE_USUARIOS_ID_FK, FIDE_EMPRESA_CEDULA_FK, FIDE_ESTADO_ID_FK) VALUES ('2025-06-13', 1, 3101126, 1);
INSERT INTO FIDE_VENTAS_TB (FIDE_VENTAS_FECHA, FIDE_USUARIOS_ID_FK, FIDE_EMPRESA_CEDULA_FK, FIDE_ESTADO_ID_FK) VALUES ('2025-06-14', 1, 3101124, 1);
INSERT INTO FIDE_VENTAS_TB (FIDE_VENTAS_FECHA, FIDE_USUARIOS_ID_FK, FIDE_EMPRESA_CEDULA_FK, FIDE_ESTADO_ID_FK) VALUES ('2025-06-14', 2, 3101125, 1);
INSERT INTO FIDE_VENTAS_TB (FIDE_VENTAS_FECHA, FIDE_USUARIOS_ID_FK, FIDE_EMPRESA_CEDULA_FK, FIDE_ESTADO_ID_FK) VALUES ('2025-06-15', 2, 3101126, 1);
INSERT INTO FIDE_VENTAS_TB (FIDE_VENTAS_FECHA, FIDE_USUARIOS_ID_FK, FIDE_EMPRESA_CEDULA_FK, FIDE_ESTADO_ID_FK) VALUES ('2025-06-15', 1, 3101125, 1);

INSERT INTO FIDE_VENTAS_TB (FIDE_VENTAS_FECHA, FIDE_USUARIOS_ID_FK, FIDE_EMPRESA_CEDULA_FK, FIDE_ESTADO_ID_FK) VALUES ('2025-06-16', 2, 3101124, 1);
INSERT INTO FIDE_VENTAS_TB (FIDE_VENTAS_FECHA, FIDE_USUARIOS_ID_FK, FIDE_EMPRESA_CEDULA_FK, FIDE_ESTADO_ID_FK) VALUES ('2025-06-16', 1, 3101126, 1);
INSERT INTO FIDE_VENTAS_TB (FIDE_VENTAS_FECHA, FIDE_USUARIOS_ID_FK, FIDE_EMPRESA_CEDULA_FK, FIDE_ESTADO_ID_FK) VALUES ('2025-06-17', 1, 3101124, 1);
INSERT INTO FIDE_VENTAS_TB (FIDE_VENTAS_FECHA, FIDE_USUARIOS_ID_FK, FIDE_EMPRESA_CEDULA_FK, FIDE_ESTADO_ID_FK) VALUES ('2025-06-17', 2, 3101125, 1);
INSERT INTO FIDE_VENTAS_TB (FIDE_VENTAS_FECHA, FIDE_USUARIOS_ID_FK, FIDE_EMPRESA_CEDULA_FK, FIDE_ESTADO_ID_FK) VALUES ('2025-06-18', 2, 3101126, 1);
INSERT INTO FIDE_VENTAS_TB (FIDE_VENTAS_FECHA, FIDE_USUARIOS_ID_FK, FIDE_EMPRESA_CEDULA_FK, FIDE_ESTADO_ID_FK) VALUES ('2025-06-18', 1, 3101125, 1);
INSERT INTO FIDE_VENTAS_TB (FIDE_VENTAS_FECHA, FIDE_USUARIOS_ID_FK, FIDE_EMPRESA_CEDULA_FK, FIDE_ESTADO_ID_FK) VALUES ('2025-06-19', 2, 3101124, 1);
INSERT INTO FIDE_VENTAS_TB (FIDE_VENTAS_FECHA, FIDE_USUARIOS_ID_FK, FIDE_EMPRESA_CEDULA_FK, FIDE_ESTADO_ID_FK) VALUES ('2025-06-19', 1, 3101126, 1);
INSERT INTO FIDE_VENTAS_TB (FIDE_VENTAS_FECHA, FIDE_USUARIOS_ID_FK, FIDE_EMPRESA_CEDULA_FK, FIDE_ESTADO_ID_FK) VALUES ('2025-06-20', 2, 3101125, 1);
INSERT INTO FIDE_VENTAS_TB (FIDE_VENTAS_FECHA, FIDE_USUARIOS_ID_FK, FIDE_EMPRESA_CEDULA_FK, FIDE_ESTADO_ID_FK) VALUES ('2025-06-20', 1, 3101124, 1);

INSERT INTO FIDE_VENTAS_TB (FIDE_VENTAS_FECHA, FIDE_USUARIOS_ID_FK, FIDE_EMPRESA_CEDULA_FK, FIDE_ESTADO_ID_FK) VALUES ('2025-06-21', 2, 3101126, 1);
INSERT INTO FIDE_VENTAS_TB (FIDE_VENTAS_FECHA, FIDE_USUARIOS_ID_FK, FIDE_EMPRESA_CEDULA_FK, FIDE_ESTADO_ID_FK) VALUES ('2025-06-21', 1, 3101125, 1);
INSERT INTO FIDE_VENTAS_TB (FIDE_VENTAS_FECHA, FIDE_USUARIOS_ID_FK, FIDE_EMPRESA_CEDULA_FK, FIDE_ESTADO_ID_FK) VALUES ('2025-06-22', 2, 3101124, 1);
INSERT INTO FIDE_VENTAS_TB (FIDE_VENTAS_FECHA, FIDE_USUARIOS_ID_FK, FIDE_EMPRESA_CEDULA_FK, FIDE_ESTADO_ID_FK) VALUES ('2025-06-22', 1, 3101126, 1);
INSERT INTO FIDE_VENTAS_TB (FIDE_VENTAS_FECHA, FIDE_USUARIOS_ID_FK, FIDE_EMPRESA_CEDULA_FK, FIDE_ESTADO_ID_FK) VALUES ('2025-06-23', 1, 3101124, 1);
INSERT INTO FIDE_VENTAS_TB (FIDE_VENTAS_FECHA, FIDE_USUARIOS_ID_FK, FIDE_EMPRESA_CEDULA_FK, FIDE_ESTADO_ID_FK) VALUES ('2025-06-23', 2, 3101125, 1);

INSERT INTO FIDE_VENTAS_TB (FIDE_VENTAS_FECHA, FIDE_USUARIOS_ID_FK, FIDE_EMPRESA_CEDULA_FK, FIDE_ESTADO_ID_FK) VALUES ('2025-06-24', 1, 3101125, 1);
INSERT INTO FIDE_VENTAS_TB (FIDE_VENTAS_FECHA, FIDE_USUARIOS_ID_FK, FIDE_EMPRESA_CEDULA_FK, FIDE_ESTADO_ID_FK) VALUES ('2025-06-24', 2, 3101126, 1);
INSERT INTO FIDE_VENTAS_TB (FIDE_VENTAS_FECHA, FIDE_USUARIOS_ID_FK, FIDE_EMPRESA_CEDULA_FK, FIDE_ESTADO_ID_FK) VALUES ('2025-06-24', 1, 3101124, 1);
INSERT INTO FIDE_VENTAS_TB (FIDE_VENTAS_FECHA, FIDE_USUARIOS_ID_FK, FIDE_EMPRESA_CEDULA_FK, FIDE_ESTADO_ID_FK) VALUES ('2025-06-24', 2, 3101125, 1);

INSERT INTO FIDE_VENTAS_TB (FIDE_VENTAS_FECHA, FIDE_USUARIOS_ID_FK, FIDE_EMPRESA_CEDULA_FK, FIDE_ESTADO_ID_FK) VALUES ('2025-06-25', 2, 3101124, 1);
INSERT INTO FIDE_VENTAS_TB (FIDE_VENTAS_FECHA, FIDE_USUARIOS_ID_FK, FIDE_EMPRESA_CEDULA_FK, FIDE_ESTADO_ID_FK) VALUES ('2025-06-25', 1, 3101126, 1);
INSERT INTO FIDE_VENTAS_TB (FIDE_VENTAS_FECHA, FIDE_USUARIOS_ID_FK, FIDE_EMPRESA_CEDULA_FK, FIDE_ESTADO_ID_FK) VALUES ('2025-06-25', 1, 3101125, 1);
INSERT INTO FIDE_VENTAS_TB (FIDE_VENTAS_FECHA, FIDE_USUARIOS_ID_FK, FIDE_EMPRESA_CEDULA_FK, FIDE_ESTADO_ID_FK) VALUES ('2025-06-25', 2, 3101126, 1);

INSERT INTO FIDE_VENTAS_TB (FIDE_VENTAS_FECHA, FIDE_USUARIOS_ID_FK, FIDE_EMPRESA_CEDULA_FK, FIDE_ESTADO_ID_FK) VALUES ('2025-06-26', 1, 3101124, 1);
INSERT INTO FIDE_VENTAS_TB (FIDE_VENTAS_FECHA, FIDE_USUARIOS_ID_FK, FIDE_EMPRESA_CEDULA_FK, FIDE_ESTADO_ID_FK) VALUES ('2025-06-26', 2, 3101125, 1);
INSERT INTO FIDE_VENTAS_TB (FIDE_VENTAS_FECHA, FIDE_USUARIOS_ID_FK, FIDE_EMPRESA_CEDULA_FK, FIDE_ESTADO_ID_FK) VALUES ('2025-06-26', 1, 3101126, 1);
INSERT INTO FIDE_VENTAS_TB (FIDE_VENTAS_FECHA, FIDE_USUARIOS_ID_FK, FIDE_EMPRESA_CEDULA_FK, FIDE_ESTADO_ID_FK) VALUES ('2025-06-26', 2, 3101124, 1);

INSERT INTO FIDE_VENTAS_TB (FIDE_VENTAS_FECHA, FIDE_USUARIOS_ID_FK, FIDE_EMPRESA_CEDULA_FK, FIDE_ESTADO_ID_FK) VALUES ('2025-06-27', 1, 3101125, 1);
INSERT INTO FIDE_VENTAS_TB (FIDE_VENTAS_FECHA, FIDE_USUARIOS_ID_FK, FIDE_EMPRESA_CEDULA_FK, FIDE_ESTADO_ID_FK) VALUES ('2025-06-27', 2, 3101126, 1);
INSERT INTO FIDE_VENTAS_TB (FIDE_VENTAS_FECHA, FIDE_USUARIOS_ID_FK, FIDE_EMPRESA_CEDULA_FK, FIDE_ESTADO_ID_FK) VALUES ('2025-06-27', 2, 3101124, 1);
INSERT INTO FIDE_VENTAS_TB (FIDE_VENTAS_FECHA, FIDE_USUARIOS_ID_FK, FIDE_EMPRESA_CEDULA_FK, FIDE_ESTADO_ID_FK) VALUES ('2025-06-27', 1, 3101126, 1);

INSERT INTO FIDE_VENTAS_TB (FIDE_VENTAS_FECHA, FIDE_USUARIOS_ID_FK, FIDE_EMPRESA_CEDULA_FK, FIDE_ESTADO_ID_FK) VALUES ('2025-06-28', 1, 3101125, 1);
INSERT INTO FIDE_VENTAS_TB (FIDE_VENTAS_FECHA, FIDE_USUARIOS_ID_FK, FIDE_EMPRESA_CEDULA_FK, FIDE_ESTADO_ID_FK) VALUES ('2025-06-28', 2, 3101126, 1);
INSERT INTO FIDE_VENTAS_TB (FIDE_VENTAS_FECHA, FIDE_USUARIOS_ID_FK, FIDE_EMPRESA_CEDULA_FK, FIDE_ESTADO_ID_FK) VALUES ('2025-06-28', 1, 3101124, 1);
INSERT INTO FIDE_VENTAS_TB (FIDE_VENTAS_FECHA, FIDE_USUARIOS_ID_FK, FIDE_EMPRESA_CEDULA_FK, FIDE_ESTADO_ID_FK) VALUES ('2025-06-28', 2, 3101125, 1);

INSERT INTO FIDE_VENTAS_TB (FIDE_VENTAS_FECHA, FIDE_USUARIOS_ID_FK, FIDE_EMPRESA_CEDULA_FK, FIDE_ESTADO_ID_FK) VALUES ('2025-06-29', 2, 3101124, 1);
INSERT INTO FIDE_VENTAS_TB (FIDE_VENTAS_FECHA, FIDE_USUARIOS_ID_FK, FIDE_EMPRESA_CEDULA_FK, FIDE_ESTADO_ID_FK) VALUES ('2025-06-29', 1, 3101125, 1);
INSERT INTO FIDE_VENTAS_TB (FIDE_VENTAS_FECHA, FIDE_USUARIOS_ID_FK, FIDE_EMPRESA_CEDULA_FK, FIDE_ESTADO_ID_FK) VALUES ('2025-06-29', 1, 3101126, 1);
INSERT INTO FIDE_VENTAS_TB (FIDE_VENTAS_FECHA, FIDE_USUARIOS_ID_FK, FIDE_EMPRESA_CEDULA_FK, FIDE_ESTADO_ID_FK) VALUES ('2025-06-29', 2, 3101125, 1);

INSERT INTO FIDE_VENTAS_TB (FIDE_VENTAS_FECHA, FIDE_USUARIOS_ID_FK, FIDE_EMPRESA_CEDULA_FK, FIDE_ESTADO_ID_FK) VALUES ('2025-06-30', 1, 3101124, 1);
INSERT INTO FIDE_VENTAS_TB (FIDE_VENTAS_FECHA, FIDE_USUARIOS_ID_FK, FIDE_EMPRESA_CEDULA_FK, FIDE_ESTADO_ID_FK) VALUES ('2025-06-30', 2, 3101126, 1);
INSERT INTO FIDE_VENTAS_TB (FIDE_VENTAS_FECHA, FIDE_USUARIOS_ID_FK, FIDE_EMPRESA_CEDULA_FK, FIDE_ESTADO_ID_FK) VALUES ('2025-06-30', 1, 3101125, 1);
INSERT INTO FIDE_VENTAS_TB (FIDE_VENTAS_FECHA, FIDE_USUARIOS_ID_FK, FIDE_EMPRESA_CEDULA_FK, FIDE_ESTADO_ID_FK) VALUES ('2025-06-30', 2, 3101124, 1);

INSERT INTO FIDE_VENTAS_TB (FIDE_VENTAS_FECHA, FIDE_USUARIOS_ID_FK, FIDE_EMPRESA_CEDULA_FK, FIDE_ESTADO_ID_FK) VALUES ('2025-06-24', 1, 3101126, 1);
INSERT INTO FIDE_VENTAS_TB (FIDE_VENTAS_FECHA, FIDE_USUARIOS_ID_FK, FIDE_EMPRESA_CEDULA_FK, FIDE_ESTADO_ID_FK) VALUES ('2025-06-25', 2, 3101125, 1);
INSERT INTO FIDE_VENTAS_TB (FIDE_VENTAS_FECHA, FIDE_USUARIOS_ID_FK, FIDE_EMPRESA_CEDULA_FK, FIDE_ESTADO_ID_FK) VALUES ('2025-06-26', 1, 3101124, 1);
INSERT INTO FIDE_VENTAS_TB (FIDE_VENTAS_FECHA, FIDE_USUARIOS_ID_FK, FIDE_EMPRESA_CEDULA_FK, FIDE_ESTADO_ID_FK) VALUES ('2025-06-27', 2, 3101125, 1);
INSERT INTO FIDE_VENTAS_TB (FIDE_VENTAS_FECHA, FIDE_USUARIOS_ID_FK, FIDE_EMPRESA_CEDULA_FK, FIDE_ESTADO_ID_FK) VALUES ('2025-06-28', 1, 3101126, 1);
INSERT INTO FIDE_VENTAS_TB (FIDE_VENTAS_FECHA, FIDE_USUARIOS_ID_FK, FIDE_EMPRESA_CEDULA_FK, FIDE_ESTADO_ID_FK) VALUES ('2025-06-29', 2, 3101124, 1);
INSERT INTO FIDE_VENTAS_TB (FIDE_VENTAS_FECHA, FIDE_USUARIOS_ID_FK, FIDE_EMPRESA_CEDULA_FK, FIDE_ESTADO_ID_FK) VALUES ('2025-06-30', 1, 3101125, 1);
INSERT INTO FIDE_VENTAS_TB (FIDE_VENTAS_FECHA, FIDE_USUARIOS_ID_FK, FIDE_EMPRESA_CEDULA_FK, FIDE_ESTADO_ID_FK) VALUES ('2025-06-24', 2, 3101124, 1);
INSERT INTO FIDE_VENTAS_TB (FIDE_VENTAS_FECHA, FIDE_USUARIOS_ID_FK, FIDE_EMPRESA_CEDULA_FK, FIDE_ESTADO_ID_FK) VALUES ('2025-06-25', 1, 3101126, 1);
INSERT INTO FIDE_VENTAS_TB (FIDE_VENTAS_FECHA, FIDE_USUARIOS_ID_FK, FIDE_EMPRESA_CEDULA_FK, FIDE_ESTADO_ID_FK) VALUES ('2025-06-26', 2, 3101125, 1);
INSERT INTO FIDE_VENTAS_TB (FIDE_VENTAS_FECHA, FIDE_USUARIOS_ID_FK, FIDE_EMPRESA_CEDULA_FK, FIDE_ESTADO_ID_FK) VALUES ('2025-06-27', 1, 3101124, 1);
INSERT INTO FIDE_VENTAS_TB (FIDE_VENTAS_FECHA, FIDE_USUARIOS_ID_FK, FIDE_EMPRESA_CEDULA_FK, FIDE_ESTADO_ID_FK) VALUES ('2025-06-28', 2, 3101125, 1);
INSERT INTO FIDE_VENTAS_TB (FIDE_VENTAS_FECHA, FIDE_USUARIOS_ID_FK, FIDE_EMPRESA_CEDULA_FK, FIDE_ESTADO_ID_FK) VALUES ('2025-06-29', 1, 3101126, 1);
INSERT INTO FIDE_VENTAS_TB (FIDE_VENTAS_FECHA, FIDE_USUARIOS_ID_FK, FIDE_EMPRESA_CEDULA_FK, FIDE_ESTADO_ID_FK) VALUES ('2025-06-30', 2, 3101124, 1);
INSERT INTO FIDE_VENTAS_TB (FIDE_VENTAS_FECHA, FIDE_USUARIOS_ID_FK, FIDE_EMPRESA_CEDULA_FK, FIDE_ESTADO_ID_FK) VALUES ('2025-06-24', 1, 3101125, 1);
INSERT INTO FIDE_VENTAS_TB (FIDE_VENTAS_FECHA, FIDE_USUARIOS_ID_FK, FIDE_EMPRESA_CEDULA_FK, FIDE_ESTADO_ID_FK) VALUES ('2025-06-25', 2, 3101126, 1);
INSERT INTO FIDE_VENTAS_TB (FIDE_VENTAS_FECHA, FIDE_USUARIOS_ID_FK, FIDE_EMPRESA_CEDULA_FK, FIDE_ESTADO_ID_FK) VALUES ('2025-06-26', 1, 3101125, 1);
INSERT INTO FIDE_VENTAS_TB (FIDE_VENTAS_FECHA, FIDE_USUARIOS_ID_FK, FIDE_EMPRESA_CEDULA_FK, FIDE_ESTADO_ID_FK) VALUES ('2025-06-27', 2, 3101126, 1);
INSERT INTO FIDE_VENTAS_TB (FIDE_VENTAS_FECHA, FIDE_USUARIOS_ID_FK, FIDE_EMPRESA_CEDULA_FK, FIDE_ESTADO_ID_FK) VALUES ('2025-06-28', 1, 3101124, 1);
INSERT INTO FIDE_VENTAS_TB (FIDE_VENTAS_FECHA, FIDE_USUARIOS_ID_FK, FIDE_EMPRESA_CEDULA_FK, FIDE_ESTADO_ID_FK) VALUES ('2025-06-29', 2, 3101125, 1);
INSERT INTO FIDE_VENTAS_TB (FIDE_VENTAS_FECHA, FIDE_USUARIOS_ID_FK, FIDE_EMPRESA_CEDULA_FK, FIDE_ESTADO_ID_FK) VALUES ('2025-06-30', 1, 3101126, 1);
INSERT INTO FIDE_VENTAS_TB (FIDE_VENTAS_FECHA, FIDE_USUARIOS_ID_FK, FIDE_EMPRESA_CEDULA_FK, FIDE_ESTADO_ID_FK) VALUES ('2025-06-25', 2, 3101124, 1);
INSERT INTO FIDE_VENTAS_TB (FIDE_VENTAS_FECHA, FIDE_USUARIOS_ID_FK, FIDE_EMPRESA_CEDULA_FK, FIDE_ESTADO_ID_FK) VALUES ('2025-06-26', 1, 3101126, 1);
INSERT INTO FIDE_VENTAS_TB (FIDE_VENTAS_FECHA, FIDE_USUARIOS_ID_FK, FIDE_EMPRESA_CEDULA_FK, FIDE_ESTADO_ID_FK) VALUES ('2025-06-27', 2, 3101125, 1);
INSERT INTO FIDE_VENTAS_TB (FIDE_VENTAS_FECHA, FIDE_USUARIOS_ID_FK, FIDE_EMPRESA_CEDULA_FK, FIDE_ESTADO_ID_FK) VALUES ('2025-06-28', 1, 3101126, 1);
INSERT INTO FIDE_VENTAS_TB (FIDE_VENTAS_FECHA, FIDE_USUARIOS_ID_FK, FIDE_EMPRESA_CEDULA_FK, FIDE_ESTADO_ID_FK) VALUES ('2025-06-29', 2, 3101124, 1);

INSERT INTO FIDE_VENTAS_TB (FIDE_VENTAS_FECHA, FIDE_USUARIOS_ID_FK, FIDE_EMPRESA_CEDULA_FK, FIDE_ESTADO_ID_FK) VALUES ('2025-07-01', 1, 3101124, 2);
INSERT INTO FIDE_VENTAS_TB (FIDE_VENTAS_FECHA, FIDE_USUARIOS_ID_FK, FIDE_EMPRESA_CEDULA_FK, FIDE_ESTADO_ID_FK) VALUES ('2025-07-01', 2, 3101125, 1);
INSERT INTO FIDE_VENTAS_TB (FIDE_VENTAS_FECHA, FIDE_USUARIOS_ID_FK, FIDE_EMPRESA_CEDULA_FK, FIDE_ESTADO_ID_FK) VALUES ('2025-07-02', 1, 3101126, 2);
INSERT INTO FIDE_VENTAS_TB (FIDE_VENTAS_FECHA, FIDE_USUARIOS_ID_FK, FIDE_EMPRESA_CEDULA_FK, FIDE_ESTADO_ID_FK) VALUES ('2025-07-02', 2, 3101124, 1);
INSERT INTO FIDE_VENTAS_TB (FIDE_VENTAS_FECHA, FIDE_USUARIOS_ID_FK, FIDE_EMPRESA_CEDULA_FK, FIDE_ESTADO_ID_FK) VALUES ('2025-07-03', 1, 3101125, 2);
INSERT INTO FIDE_VENTAS_TB (FIDE_VENTAS_FECHA, FIDE_USUARIOS_ID_FK, FIDE_EMPRESA_CEDULA_FK, FIDE_ESTADO_ID_FK) VALUES ('2025-07-03', 2, 3101126, 1);
INSERT INTO FIDE_VENTAS_TB (FIDE_VENTAS_FECHA, FIDE_USUARIOS_ID_FK, FIDE_EMPRESA_CEDULA_FK, FIDE_ESTADO_ID_FK) VALUES ('2025-07-04', 1, 3101124, 2);
INSERT INTO FIDE_VENTAS_TB (FIDE_VENTAS_FECHA, FIDE_USUARIOS_ID_FK, FIDE_EMPRESA_CEDULA_FK, FIDE_ESTADO_ID_FK) VALUES ('2025-07-04', 2, 3101125, 1);
INSERT INTO FIDE_VENTAS_TB (FIDE_VENTAS_FECHA, FIDE_USUARIOS_ID_FK, FIDE_EMPRESA_CEDULA_FK, FIDE_ESTADO_ID_FK) VALUES ('2025-07-05', 1, 3101126, 2);
INSERT INTO FIDE_VENTAS_TB (FIDE_VENTAS_FECHA, FIDE_USUARIOS_ID_FK, FIDE_EMPRESA_CEDULA_FK, FIDE_ESTADO_ID_FK) VALUES ('2025-07-05', 2, 3101124, 1);

INSERT INTO FIDE_VENTAS_TB (FIDE_VENTAS_FECHA, FIDE_USUARIOS_ID_FK, FIDE_EMPRESA_CEDULA_FK, FIDE_ESTADO_ID_FK) VALUES ('2025-07-06', 1, 3101125, 2);
INSERT INTO FIDE_VENTAS_TB (FIDE_VENTAS_FECHA, FIDE_USUARIOS_ID_FK, FIDE_EMPRESA_CEDULA_FK, FIDE_ESTADO_ID_FK) VALUES ('2025-07-06', 2, 3101126, 1);
INSERT INTO FIDE_VENTAS_TB (FIDE_VENTAS_FECHA, FIDE_USUARIOS_ID_FK, FIDE_EMPRESA_CEDULA_FK, FIDE_ESTADO_ID_FK) VALUES ('2025-07-07', 1, 3101124, 1);
INSERT INTO FIDE_VENTAS_TB (FIDE_VENTAS_FECHA, FIDE_USUARIOS_ID_FK, FIDE_EMPRESA_CEDULA_FK, FIDE_ESTADO_ID_FK) VALUES ('2025-07-07', 2, 3101125, 2);
INSERT INTO FIDE_VENTAS_TB (FIDE_VENTAS_FECHA, FIDE_USUARIOS_ID_FK, FIDE_EMPRESA_CEDULA_FK, FIDE_ESTADO_ID_FK) VALUES ('2025-07-08', 1, 3101126, 2);
INSERT INTO FIDE_VENTAS_TB (FIDE_VENTAS_FECHA, FIDE_USUARIOS_ID_FK, FIDE_EMPRESA_CEDULA_FK, FIDE_ESTADO_ID_FK) VALUES ('2025-07-08', 2, 3101124, 1);
INSERT INTO FIDE_VENTAS_TB (FIDE_VENTAS_FECHA, FIDE_USUARIOS_ID_FK, FIDE_EMPRESA_CEDULA_FK, FIDE_ESTADO_ID_FK) VALUES ('2025-07-09', 1, 3101125, 1);
INSERT INTO FIDE_VENTAS_TB (FIDE_VENTAS_FECHA, FIDE_USUARIOS_ID_FK, FIDE_EMPRESA_CEDULA_FK, FIDE_ESTADO_ID_FK) VALUES ('2025-07-09', 2, 3101126, 2);
INSERT INTO FIDE_VENTAS_TB (FIDE_VENTAS_FECHA, FIDE_USUARIOS_ID_FK, FIDE_EMPRESA_CEDULA_FK, FIDE_ESTADO_ID_FK) VALUES ('2025-07-10', 1, 3101124, 2);
INSERT INTO FIDE_VENTAS_TB (FIDE_VENTAS_FECHA, FIDE_USUARIOS_ID_FK, FIDE_EMPRESA_CEDULA_FK, FIDE_ESTADO_ID_FK) VALUES ('2025-07-10', 2, 3101125, 1);

INSERT INTO FIDE_VENTAS_TB (FIDE_VENTAS_FECHA, FIDE_USUARIOS_ID_FK, FIDE_EMPRESA_CEDULA_FK, FIDE_ESTADO_ID_FK) VALUES ('2025-07-11', 1, 3101126, 1);
INSERT INTO FIDE_VENTAS_TB (FIDE_VENTAS_FECHA, FIDE_USUARIOS_ID_FK, FIDE_EMPRESA_CEDULA_FK, FIDE_ESTADO_ID_FK) VALUES ('2025-07-11', 2, 3101124, 2);
INSERT INTO FIDE_VENTAS_TB (FIDE_VENTAS_FECHA, FIDE_USUARIOS_ID_FK, FIDE_EMPRESA_CEDULA_FK, FIDE_ESTADO_ID_FK) VALUES ('2025-07-12', 1, 3101125, 2);
INSERT INTO FIDE_VENTAS_TB (FIDE_VENTAS_FECHA, FIDE_USUARIOS_ID_FK, FIDE_EMPRESA_CEDULA_FK, FIDE_ESTADO_ID_FK) VALUES ('2025-07-12', 2, 3101126, 1);
INSERT INTO FIDE_VENTAS_TB (FIDE_VENTAS_FECHA, FIDE_USUARIOS_ID_FK, FIDE_EMPRESA_CEDULA_FK, FIDE_ESTADO_ID_FK) VALUES ('2025-07-13', 1, 3101124, 1);
INSERT INTO FIDE_VENTAS_TB (FIDE_VENTAS_FECHA, FIDE_USUARIOS_ID_FK, FIDE_EMPRESA_CEDULA_FK, FIDE_ESTADO_ID_FK) VALUES ('2025-07-13', 2, 3101125, 2);
INSERT INTO FIDE_VENTAS_TB (FIDE_VENTAS_FECHA, FIDE_USUARIOS_ID_FK, FIDE_EMPRESA_CEDULA_FK, FIDE_ESTADO_ID_FK) VALUES ('2025-07-14', 1, 3101126, 2);
INSERT INTO FIDE_VENTAS_TB (FIDE_VENTAS_FECHA, FIDE_USUARIOS_ID_FK, FIDE_EMPRESA_CEDULA_FK, FIDE_ESTADO_ID_FK) VALUES ('2025-07-14', 2, 3101124, 1);
INSERT INTO FIDE_VENTAS_TB (FIDE_VENTAS_FECHA, FIDE_USUARIOS_ID_FK, FIDE_EMPRESA_CEDULA_FK, FIDE_ESTADO_ID_FK) VALUES ('2025-07-15', 1, 3101125, 1);
INSERT INTO FIDE_VENTAS_TB (FIDE_VENTAS_FECHA, FIDE_USUARIOS_ID_FK, FIDE_EMPRESA_CEDULA_FK, FIDE_ESTADO_ID_FK) VALUES ('2025-07-15', 2, 3101126, 1);

INSERT INTO FIDE_VENTAS_TB (FIDE_VENTAS_FECHA, FIDE_USUARIOS_ID_FK, FIDE_EMPRESA_CEDULA_FK, FIDE_ESTADO_ID_FK) VALUES ('2025-07-16', 1, 3101124, 2);
INSERT INTO FIDE_VENTAS_TB (FIDE_VENTAS_FECHA, FIDE_USUARIOS_ID_FK, FIDE_EMPRESA_CEDULA_FK, FIDE_ESTADO_ID_FK) VALUES ('2025-07-16', 2, 3101125, 1);
INSERT INTO FIDE_VENTAS_TB (FIDE_VENTAS_FECHA, FIDE_USUARIOS_ID_FK, FIDE_EMPRESA_CEDULA_FK, FIDE_ESTADO_ID_FK) VALUES ('2025-07-17', 1, 3101126, 1);
INSERT INTO FIDE_VENTAS_TB (FIDE_VENTAS_FECHA, FIDE_USUARIOS_ID_FK, FIDE_EMPRESA_CEDULA_FK, FIDE_ESTADO_ID_FK) VALUES ('2025-07-17', 2, 3101124, 2);
INSERT INTO FIDE_VENTAS_TB (FIDE_VENTAS_FECHA, FIDE_USUARIOS_ID_FK, FIDE_EMPRESA_CEDULA_FK, FIDE_ESTADO_ID_FK) VALUES ('2025-07-18', 1, 3101125, 2);
INSERT INTO FIDE_VENTAS_TB (FIDE_VENTAS_FECHA, FIDE_USUARIOS_ID_FK, FIDE_EMPRESA_CEDULA_FK, FIDE_ESTADO_ID_FK) VALUES ('2025-07-18', 2, 3101126, 1);
INSERT INTO FIDE_VENTAS_TB (FIDE_VENTAS_FECHA, FIDE_USUARIOS_ID_FK, FIDE_EMPRESA_CEDULA_FK, FIDE_ESTADO_ID_FK) VALUES ('2025-07-19', 1, 3101124, 1);
INSERT INTO FIDE_VENTAS_TB (FIDE_VENTAS_FECHA, FIDE_USUARIOS_ID_FK, FIDE_EMPRESA_CEDULA_FK, FIDE_ESTADO_ID_FK) VALUES ('2025-07-19', 2, 3101125, 1);
INSERT INTO FIDE_VENTAS_TB (FIDE_VENTAS_FECHA, FIDE_USUARIOS_ID_FK, FIDE_EMPRESA_CEDULA_FK, FIDE_ESTADO_ID_FK) VALUES ('2025-07-20', 1, 3101126, 2);
INSERT INTO FIDE_VENTAS_TB (FIDE_VENTAS_FECHA, FIDE_USUARIOS_ID_FK, FIDE_EMPRESA_CEDULA_FK, FIDE_ESTADO_ID_FK) VALUES ('2025-07-20', 2, 3101124, 1);

INSERT INTO FIDE_VENTAS_TB (FIDE_VENTAS_FECHA, FIDE_USUARIOS_ID_FK, FIDE_EMPRESA_CEDULA_FK, FIDE_ESTADO_ID_FK) VALUES ('2025-07-21', 1, 3101125, 1);
INSERT INTO FIDE_VENTAS_TB (FIDE_VENTAS_FECHA, FIDE_USUARIOS_ID_FK, FIDE_EMPRESA_CEDULA_FK, FIDE_ESTADO_ID_FK) VALUES ('2025-07-21', 2, 3101126, 2);
INSERT INTO FIDE_VENTAS_TB (FIDE_VENTAS_FECHA, FIDE_USUARIOS_ID_FK, FIDE_EMPRESA_CEDULA_FK, FIDE_ESTADO_ID_FK) VALUES ('2025-07-22', 1, 3101124, 2);
INSERT INTO FIDE_VENTAS_TB (FIDE_VENTAS_FECHA, FIDE_USUARIOS_ID_FK, FIDE_EMPRESA_CEDULA_FK, FIDE_ESTADO_ID_FK) VALUES ('2025-07-22', 2, 3101125, 1);
INSERT INTO FIDE_VENTAS_TB (FIDE_VENTAS_FECHA, FIDE_USUARIOS_ID_FK, FIDE_EMPRESA_CEDULA_FK, FIDE_ESTADO_ID_FK) VALUES ('2025-07-23', 1, 3101126, 1);
INSERT INTO FIDE_VENTAS_TB (FIDE_VENTAS_FECHA, FIDE_USUARIOS_ID_FK, FIDE_EMPRESA_CEDULA_FK, FIDE_ESTADO_ID_FK) VALUES ('2025-07-23', 2, 3101124, 2);
INSERT INTO FIDE_VENTAS_TB (FIDE_VENTAS_FECHA, FIDE_USUARIOS_ID_FK, FIDE_EMPRESA_CEDULA_FK, FIDE_ESTADO_ID_FK) VALUES ('2025-07-24', 1, 3101125, 2);
INSERT INTO FIDE_VENTAS_TB (FIDE_VENTAS_FECHA, FIDE_USUARIOS_ID_FK, FIDE_EMPRESA_CEDULA_FK, FIDE_ESTADO_ID_FK) VALUES ('2025-07-24', 2, 3101126, 1);
INSERT INTO FIDE_VENTAS_TB (FIDE_VENTAS_FECHA, FIDE_USUARIOS_ID_FK, FIDE_EMPRESA_CEDULA_FK, FIDE_ESTADO_ID_FK) VALUES ('2025-07-25', 1, 3101124, 1);
INSERT INTO FIDE_VENTAS_TB (FIDE_VENTAS_FECHA, FIDE_USUARIOS_ID_FK, FIDE_EMPRESA_CEDULA_FK, FIDE_ESTADO_ID_FK) VALUES ('2025-07-25', 2, 3101125, 1);

--DETALLE DE LAS VENTAS

-- DETALLE_VENTA 
INSERT INTO FIDE_DETALLE_VENTA_TB (FIDE_VENTAS_ID_FK, FIDE_PRODUCTOS_ID_FK, FIDE_DETALLE_VENTA_CANTIDAD, FIDE_ESTADO_ID_FK) 
VALUES (1, 2, 9, 1);
INSERT INTO FIDE_DETALLE_VENTA_TB (FIDE_VENTAS_ID_FK, FIDE_PRODUCTOS_ID_FK, FIDE_DETALLE_VENTA_CANTIDAD, FIDE_ESTADO_ID_FK) 
VALUES (2, 3, 5, 1);
INSERT INTO FIDE_DETALLE_VENTA_TB (FIDE_VENTAS_ID_FK, FIDE_PRODUCTOS_ID_FK, FIDE_DETALLE_VENTA_CANTIDAD, FIDE_ESTADO_ID_FK) 
VALUES (3, 4, 7, 1);
INSERT INTO FIDE_DETALLE_VENTA_TB (FIDE_VENTAS_ID_FK, FIDE_PRODUCTOS_ID_FK, FIDE_DETALLE_VENTA_CANTIDAD, FIDE_ESTADO_ID_FK) 
VALUES (4, 5, 3, 1);
INSERT INTO FIDE_DETALLE_VENTA_TB (FIDE_VENTAS_ID_FK, FIDE_PRODUCTOS_ID_FK, FIDE_DETALLE_VENTA_CANTIDAD, FIDE_ESTADO_ID_FK) 
VALUES (5, 6, 10, 1);
INSERT INTO FIDE_DETALLE_VENTA_TB (FIDE_VENTAS_ID_FK, FIDE_PRODUCTOS_ID_FK, FIDE_DETALLE_VENTA_CANTIDAD, FIDE_ESTADO_ID_FK) 
VALUES (6, 7, 2, 1);
INSERT INTO FIDE_DETALLE_VENTA_TB (FIDE_VENTAS_ID_FK, FIDE_PRODUCTOS_ID_FK, FIDE_DETALLE_VENTA_CANTIDAD, FIDE_ESTADO_ID_FK) 
VALUES (7, 8, 2, 1);
INSERT INTO FIDE_DETALLE_VENTA_TB (FIDE_VENTAS_ID_FK, FIDE_PRODUCTOS_ID_FK, FIDE_DETALLE_VENTA_CANTIDAD, FIDE_ESTADO_ID_FK) 
VALUES (8, 9, 10, 1);
INSERT INTO FIDE_DETALLE_VENTA_TB (FIDE_VENTAS_ID_FK, FIDE_PRODUCTOS_ID_FK, FIDE_DETALLE_VENTA_CANTIDAD, FIDE_ESTADO_ID_FK) 
VALUES (9, 10, 7, 1);
INSERT INTO FIDE_DETALLE_VENTA_TB (FIDE_VENTAS_ID_FK, FIDE_PRODUCTOS_ID_FK, FIDE_DETALLE_VENTA_CANTIDAD, FIDE_ESTADO_ID_FK) 
VALUES (10, 11, 8, 1);
INSERT INTO FIDE_DETALLE_VENTA_TB (FIDE_VENTAS_ID_FK, FIDE_PRODUCTOS_ID_FK, FIDE_DETALLE_VENTA_CANTIDAD, FIDE_ESTADO_ID_FK) 
VALUES (11, 12, 9, 1);
INSERT INTO FIDE_DETALLE_VENTA_TB (FIDE_VENTAS_ID_FK, FIDE_PRODUCTOS_ID_FK, FIDE_DETALLE_VENTA_CANTIDAD, FIDE_ESTADO_ID_FK) 
VALUES (12, 13, 1, 1);
INSERT INTO FIDE_DETALLE_VENTA_TB (FIDE_VENTAS_ID_FK, FIDE_PRODUCTOS_ID_FK, FIDE_DETALLE_VENTA_CANTIDAD, FIDE_ESTADO_ID_FK) 
VALUES (13, 1, 2, 1);
INSERT INTO FIDE_DETALLE_VENTA_TB (FIDE_VENTAS_ID_FK, FIDE_PRODUCTOS_ID_FK, FIDE_DETALLE_VENTA_CANTIDAD, FIDE_ESTADO_ID_FK) 
VALUES (14, 2, 8, 1);
INSERT INTO FIDE_DETALLE_VENTA_TB (FIDE_VENTAS_ID_FK, FIDE_PRODUCTOS_ID_FK, FIDE_DETALLE_VENTA_CANTIDAD, FIDE_ESTADO_ID_FK) 
VALUES (15, 3, 8, 1);
INSERT INTO FIDE_DETALLE_VENTA_TB (FIDE_VENTAS_ID_FK, FIDE_PRODUCTOS_ID_FK, FIDE_DETALLE_VENTA_CANTIDAD, FIDE_ESTADO_ID_FK) 
VALUES (16, 4, 8, 1);
INSERT INTO FIDE_DETALLE_VENTA_TB (FIDE_VENTAS_ID_FK, FIDE_PRODUCTOS_ID_FK, FIDE_DETALLE_VENTA_CANTIDAD, FIDE_ESTADO_ID_FK) 
VALUES (17, 5, 7, 1);
INSERT INTO FIDE_DETALLE_VENTA_TB (FIDE_VENTAS_ID_FK, FIDE_PRODUCTOS_ID_FK, FIDE_DETALLE_VENTA_CANTIDAD, FIDE_ESTADO_ID_FK) 
VALUES (18, 6, 8, 1);
INSERT INTO FIDE_DETALLE_VENTA_TB (FIDE_VENTAS_ID_FK, FIDE_PRODUCTOS_ID_FK, FIDE_DETALLE_VENTA_CANTIDAD, FIDE_ESTADO_ID_FK) 
VALUES (19, 7, 4, 1);
INSERT INTO FIDE_DETALLE_VENTA_TB (FIDE_VENTAS_ID_FK, FIDE_PRODUCTOS_ID_FK, FIDE_DETALLE_VENTA_CANTIDAD, FIDE_ESTADO_ID_FK) 
VALUES (20, 8, 4, 1);
INSERT INTO FIDE_DETALLE_VENTA_TB (FIDE_VENTAS_ID_FK, FIDE_PRODUCTOS_ID_FK, FIDE_DETALLE_VENTA_CANTIDAD, FIDE_ESTADO_ID_FK) 
VALUES (21, 9, 9, 1);
INSERT INTO FIDE_DETALLE_VENTA_TB (FIDE_VENTAS_ID_FK, FIDE_PRODUCTOS_ID_FK, FIDE_DETALLE_VENTA_CANTIDAD, FIDE_ESTADO_ID_FK) 
VALUES (22, 10, 2, 1);
INSERT INTO FIDE_DETALLE_VENTA_TB (FIDE_VENTAS_ID_FK, FIDE_PRODUCTOS_ID_FK, FIDE_DETALLE_VENTA_CANTIDAD, FIDE_ESTADO_ID_FK) 
VALUES (23, 11, 5, 1);
INSERT INTO FIDE_DETALLE_VENTA_TB (FIDE_VENTAS_ID_FK, FIDE_PRODUCTOS_ID_FK, FIDE_DETALLE_VENTA_CANTIDAD, FIDE_ESTADO_ID_FK) 
VALUES (24, 12, 1, 1);
INSERT INTO FIDE_DETALLE_VENTA_TB (FIDE_VENTAS_ID_FK, FIDE_PRODUCTOS_ID_FK, FIDE_DETALLE_VENTA_CANTIDAD, FIDE_ESTADO_ID_FK) 
VALUES (25, 13, 7, 2);
INSERT INTO FIDE_DETALLE_VENTA_TB (FIDE_VENTAS_ID_FK, FIDE_PRODUCTOS_ID_FK, FIDE_DETALLE_VENTA_CANTIDAD, FIDE_ESTADO_ID_FK) 
VALUES (26, 1, 9, 1);
INSERT INTO FIDE_DETALLE_VENTA_TB (FIDE_VENTAS_ID_FK, FIDE_PRODUCTOS_ID_FK, FIDE_DETALLE_VENTA_CANTIDAD, FIDE_ESTADO_ID_FK) 
VALUES (27, 2, 9, 1);
INSERT INTO FIDE_DETALLE_VENTA_TB (FIDE_VENTAS_ID_FK, FIDE_PRODUCTOS_ID_FK, FIDE_DETALLE_VENTA_CANTIDAD, FIDE_ESTADO_ID_FK) 
VALUES (28, 3, 9, 1);
INSERT INTO FIDE_DETALLE_VENTA_TB (FIDE_VENTAS_ID_FK, FIDE_PRODUCTOS_ID_FK, FIDE_DETALLE_VENTA_CANTIDAD, FIDE_ESTADO_ID_FK) 
VALUES (29, 4, 8, 1);
INSERT INTO FIDE_DETALLE_VENTA_TB (FIDE_VENTAS_ID_FK, FIDE_PRODUCTOS_ID_FK, FIDE_DETALLE_VENTA_CANTIDAD, FIDE_ESTADO_ID_FK) 
VALUES (30, 5, 10, 1);
INSERT INTO FIDE_DETALLE_VENTA_TB (FIDE_VENTAS_ID_FK, FIDE_PRODUCTOS_ID_FK, FIDE_DETALLE_VENTA_CANTIDAD, FIDE_ESTADO_ID_FK) 
VALUES (31, 6, 3, 1);
INSERT INTO FIDE_DETALLE_VENTA_TB (FIDE_VENTAS_ID_FK, FIDE_PRODUCTOS_ID_FK, FIDE_DETALLE_VENTA_CANTIDAD, FIDE_ESTADO_ID_FK) 
VALUES (32, 7, 4, 1);
INSERT INTO FIDE_DETALLE_VENTA_TB (FIDE_VENTAS_ID_FK, FIDE_PRODUCTOS_ID_FK, FIDE_DETALLE_VENTA_CANTIDAD, FIDE_ESTADO_ID_FK) 
VALUES (33, 8, 8, 1);
INSERT INTO FIDE_DETALLE_VENTA_TB (FIDE_VENTAS_ID_FK, FIDE_PRODUCTOS_ID_FK, FIDE_DETALLE_VENTA_CANTIDAD, FIDE_ESTADO_ID_FK) 
VALUES (34, 9, 5, 1);
INSERT INTO FIDE_DETALLE_VENTA_TB (FIDE_VENTAS_ID_FK, FIDE_PRODUCTOS_ID_FK, FIDE_DETALLE_VENTA_CANTIDAD, FIDE_ESTADO_ID_FK) 
VALUES (35, 10, 5, 1);
INSERT INTO FIDE_DETALLE_VENTA_TB (FIDE_VENTAS_ID_FK, FIDE_PRODUCTOS_ID_FK, FIDE_DETALLE_VENTA_CANTIDAD, FIDE_ESTADO_ID_FK) 
VALUES (36, 11, 1, 2);
INSERT INTO FIDE_DETALLE_VENTA_TB (FIDE_VENTAS_ID_FK, FIDE_PRODUCTOS_ID_FK, FIDE_DETALLE_VENTA_CANTIDAD, FIDE_ESTADO_ID_FK) 
VALUES (37, 12, 10, 1);
INSERT INTO FIDE_DETALLE_VENTA_TB (FIDE_VENTAS_ID_FK, FIDE_PRODUCTOS_ID_FK, FIDE_DETALLE_VENTA_CANTIDAD, FIDE_ESTADO_ID_FK) 
VALUES (38, 13, 8, 1);
INSERT INTO FIDE_DETALLE_VENTA_TB (FIDE_VENTAS_ID_FK, FIDE_PRODUCTOS_ID_FK, FIDE_DETALLE_VENTA_CANTIDAD, FIDE_ESTADO_ID_FK) 
VALUES (39, 1, 10, 1);
INSERT INTO FIDE_DETALLE_VENTA_TB (FIDE_VENTAS_ID_FK, FIDE_PRODUCTOS_ID_FK, FIDE_DETALLE_VENTA_CANTIDAD, FIDE_ESTADO_ID_FK) 
VALUES (40, 2, 8, 1);
INSERT INTO FIDE_DETALLE_VENTA_TB (FIDE_VENTAS_ID_FK, FIDE_PRODUCTOS_ID_FK, FIDE_DETALLE_VENTA_CANTIDAD, FIDE_ESTADO_ID_FK) 
VALUES (41, 3, 2, 1);
INSERT INTO FIDE_DETALLE_VENTA_TB (FIDE_VENTAS_ID_FK, FIDE_PRODUCTOS_ID_FK, FIDE_DETALLE_VENTA_CANTIDAD, FIDE_ESTADO_ID_FK) 
VALUES (42, 4, 1, 1);
INSERT INTO FIDE_DETALLE_VENTA_TB (FIDE_VENTAS_ID_FK, FIDE_PRODUCTOS_ID_FK, FIDE_DETALLE_VENTA_CANTIDAD, FIDE_ESTADO_ID_FK) 
VALUES (43, 5, 2, 1);
INSERT INTO FIDE_DETALLE_VENTA_TB (FIDE_VENTAS_ID_FK, FIDE_PRODUCTOS_ID_FK, FIDE_DETALLE_VENTA_CANTIDAD, FIDE_ESTADO_ID_FK) 
VALUES (44, 6, 6, 1);
INSERT INTO FIDE_DETALLE_VENTA_TB (FIDE_VENTAS_ID_FK, FIDE_PRODUCTOS_ID_FK, FIDE_DETALLE_VENTA_CANTIDAD, FIDE_ESTADO_ID_FK) 
VALUES (45, 7, 10, 1);
INSERT INTO FIDE_DETALLE_VENTA_TB (FIDE_VENTAS_ID_FK, FIDE_PRODUCTOS_ID_FK, FIDE_DETALLE_VENTA_CANTIDAD, FIDE_ESTADO_ID_FK) 
VALUES (46, 8, 7, 1);
INSERT INTO FIDE_DETALLE_VENTA_TB (FIDE_VENTAS_ID_FK, FIDE_PRODUCTOS_ID_FK, FIDE_DETALLE_VENTA_CANTIDAD, FIDE_ESTADO_ID_FK) 
VALUES (47, 9, 5, 1);
INSERT INTO FIDE_DETALLE_VENTA_TB (FIDE_VENTAS_ID_FK, FIDE_PRODUCTOS_ID_FK, FIDE_DETALLE_VENTA_CANTIDAD, FIDE_ESTADO_ID_FK) 
VALUES (48, 10, 3, 1);
INSERT INTO FIDE_DETALLE_VENTA_TB (FIDE_VENTAS_ID_FK, FIDE_PRODUCTOS_ID_FK, FIDE_DETALLE_VENTA_CANTIDAD, FIDE_ESTADO_ID_FK) 
VALUES (49, 11, 10, 1);
INSERT INTO FIDE_DETALLE_VENTA_TB (FIDE_VENTAS_ID_FK, FIDE_PRODUCTOS_ID_FK, FIDE_DETALLE_VENTA_CANTIDAD, FIDE_ESTADO_ID_FK) 
VALUES (50, 12, 2, 1);
INSERT INTO FIDE_DETALLE_VENTA_TB (FIDE_VENTAS_ID_FK, FIDE_PRODUCTOS_ID_FK, FIDE_DETALLE_VENTA_CANTIDAD, FIDE_ESTADO_ID_FK) 
VALUES (51, 13, 7, 1);
INSERT INTO FIDE_DETALLE_VENTA_TB (FIDE_VENTAS_ID_FK, FIDE_PRODUCTOS_ID_FK, FIDE_DETALLE_VENTA_CANTIDAD, FIDE_ESTADO_ID_FK) 
VALUES (52, 1, 2, 1);
INSERT INTO FIDE_DETALLE_VENTA_TB (FIDE_VENTAS_ID_FK, FIDE_PRODUCTOS_ID_FK, FIDE_DETALLE_VENTA_CANTIDAD, FIDE_ESTADO_ID_FK) 
VALUES (53, 2, 3, 1);
INSERT INTO FIDE_DETALLE_VENTA_TB (FIDE_VENTAS_ID_FK, FIDE_PRODUCTOS_ID_FK, FIDE_DETALLE_VENTA_CANTIDAD, FIDE_ESTADO_ID_FK) 
VALUES (54, 3, 9, 2);
INSERT INTO FIDE_DETALLE_VENTA_TB (FIDE_VENTAS_ID_FK, FIDE_PRODUCTOS_ID_FK, FIDE_DETALLE_VENTA_CANTIDAD, FIDE_ESTADO_ID_FK) 
VALUES (55, 4, 5, 1);
INSERT INTO FIDE_DETALLE_VENTA_TB (FIDE_VENTAS_ID_FK, FIDE_PRODUCTOS_ID_FK, FIDE_DETALLE_VENTA_CANTIDAD, FIDE_ESTADO_ID_FK) 
VALUES (56, 5, 8, 2);
INSERT INTO FIDE_DETALLE_VENTA_TB (FIDE_VENTAS_ID_FK, FIDE_PRODUCTOS_ID_FK, FIDE_DETALLE_VENTA_CANTIDAD, FIDE_ESTADO_ID_FK) 
VALUES (57, 6, 7, 1);
INSERT INTO FIDE_DETALLE_VENTA_TB (FIDE_VENTAS_ID_FK, FIDE_PRODUCTOS_ID_FK, FIDE_DETALLE_VENTA_CANTIDAD, FIDE_ESTADO_ID_FK) 
VALUES (58, 7, 6, 1);
INSERT INTO FIDE_DETALLE_VENTA_TB (FIDE_VENTAS_ID_FK, FIDE_PRODUCTOS_ID_FK, FIDE_DETALLE_VENTA_CANTIDAD, FIDE_ESTADO_ID_FK) 
VALUES (59, 8, 9, 1);
INSERT INTO FIDE_DETALLE_VENTA_TB (FIDE_VENTAS_ID_FK, FIDE_PRODUCTOS_ID_FK, FIDE_DETALLE_VENTA_CANTIDAD, FIDE_ESTADO_ID_FK) 
VALUES (60, 9, 2, 1);
INSERT INTO FIDE_DETALLE_VENTA_TB (FIDE_VENTAS_ID_FK, FIDE_PRODUCTOS_ID_FK, FIDE_DETALLE_VENTA_CANTIDAD, FIDE_ESTADO_ID_FK) 
VALUES (61, 10, 7, 1);
INSERT INTO FIDE_DETALLE_VENTA_TB (FIDE_VENTAS_ID_FK, FIDE_PRODUCTOS_ID_FK, FIDE_DETALLE_VENTA_CANTIDAD, FIDE_ESTADO_ID_FK) 
VALUES (62, 11, 9, 1);
INSERT INTO FIDE_DETALLE_VENTA_TB (FIDE_VENTAS_ID_FK, FIDE_PRODUCTOS_ID_FK, FIDE_DETALLE_VENTA_CANTIDAD, FIDE_ESTADO_ID_FK) 
VALUES (63, 12, 4, 1);
INSERT INTO FIDE_DETALLE_VENTA_TB (FIDE_VENTAS_ID_FK, FIDE_PRODUCTOS_ID_FK, FIDE_DETALLE_VENTA_CANTIDAD, FIDE_ESTADO_ID_FK) 
VALUES (64, 13, 10, 1);
INSERT INTO FIDE_DETALLE_VENTA_TB (FIDE_VENTAS_ID_FK, FIDE_PRODUCTOS_ID_FK, FIDE_DETALLE_VENTA_CANTIDAD, FIDE_ESTADO_ID_FK) 
VALUES (65, 1, 4, 2);
INSERT INTO FIDE_DETALLE_VENTA_TB (FIDE_VENTAS_ID_FK, FIDE_PRODUCTOS_ID_FK, FIDE_DETALLE_VENTA_CANTIDAD, FIDE_ESTADO_ID_FK) 
VALUES (66, 2, 3, 1);
INSERT INTO FIDE_DETALLE_VENTA_TB (FIDE_VENTAS_ID_FK, FIDE_PRODUCTOS_ID_FK, FIDE_DETALLE_VENTA_CANTIDAD, FIDE_ESTADO_ID_FK) 
VALUES (67, 3, 6, 1);
INSERT INTO FIDE_DETALLE_VENTA_TB (FIDE_VENTAS_ID_FK, FIDE_PRODUCTOS_ID_FK, FIDE_DETALLE_VENTA_CANTIDAD, FIDE_ESTADO_ID_FK) 
VALUES (68, 4, 4, 1);
INSERT INTO FIDE_DETALLE_VENTA_TB (FIDE_VENTAS_ID_FK, FIDE_PRODUCTOS_ID_FK, FIDE_DETALLE_VENTA_CANTIDAD, FIDE_ESTADO_ID_FK) 
VALUES (69, 5, 4, 1);
INSERT INTO FIDE_DETALLE_VENTA_TB (FIDE_VENTAS_ID_FK, FIDE_PRODUCTOS_ID_FK, FIDE_DETALLE_VENTA_CANTIDAD, FIDE_ESTADO_ID_FK) 
VALUES (70, 6, 1, 1);
INSERT INTO FIDE_DETALLE_VENTA_TB (FIDE_VENTAS_ID_FK, FIDE_PRODUCTOS_ID_FK, FIDE_DETALLE_VENTA_CANTIDAD, FIDE_ESTADO_ID_FK) 
VALUES (71, 7, 7, 2);
INSERT INTO FIDE_DETALLE_VENTA_TB (FIDE_VENTAS_ID_FK, FIDE_PRODUCTOS_ID_FK, FIDE_DETALLE_VENTA_CANTIDAD, FIDE_ESTADO_ID_FK) 
VALUES (72, 8, 9, 2);
INSERT INTO FIDE_DETALLE_VENTA_TB (FIDE_VENTAS_ID_FK, FIDE_PRODUCTOS_ID_FK, FIDE_DETALLE_VENTA_CANTIDAD, FIDE_ESTADO_ID_FK) 
VALUES (73, 9, 1, 1);
INSERT INTO FIDE_DETALLE_VENTA_TB (FIDE_VENTAS_ID_FK, FIDE_PRODUCTOS_ID_FK, FIDE_DETALLE_VENTA_CANTIDAD, FIDE_ESTADO_ID_FK) 
VALUES (74, 10, 9, 1);
INSERT INTO FIDE_DETALLE_VENTA_TB (FIDE_VENTAS_ID_FK, FIDE_PRODUCTOS_ID_FK, FIDE_DETALLE_VENTA_CANTIDAD, FIDE_ESTADO_ID_FK) 
VALUES (75, 11, 9, 1);
INSERT INTO FIDE_DETALLE_VENTA_TB (FIDE_VENTAS_ID_FK, FIDE_PRODUCTOS_ID_FK, FIDE_DETALLE_VENTA_CANTIDAD, FIDE_ESTADO_ID_FK) 
VALUES (76, 12, 2, 1);
INSERT INTO FIDE_DETALLE_VENTA_TB (FIDE_VENTAS_ID_FK, FIDE_PRODUCTOS_ID_FK, FIDE_DETALLE_VENTA_CANTIDAD, FIDE_ESTADO_ID_FK) 
VALUES (77, 13, 10, 1);
INSERT INTO FIDE_DETALLE_VENTA_TB (FIDE_VENTAS_ID_FK, FIDE_PRODUCTOS_ID_FK, FIDE_DETALLE_VENTA_CANTIDAD, FIDE_ESTADO_ID_FK) 
VALUES (78, 1, 3, 1);
INSERT INTO FIDE_DETALLE_VENTA_TB (FIDE_VENTAS_ID_FK, FIDE_PRODUCTOS_ID_FK, FIDE_DETALLE_VENTA_CANTIDAD, FIDE_ESTADO_ID_FK) 
VALUES (79, 2, 1, 2);
INSERT INTO FIDE_DETALLE_VENTA_TB (FIDE_VENTAS_ID_FK, FIDE_PRODUCTOS_ID_FK, FIDE_DETALLE_VENTA_CANTIDAD, FIDE_ESTADO_ID_FK) 
VALUES (80, 3, 6, 1);
INSERT INTO FIDE_DETALLE_VENTA_TB (FIDE_VENTAS_ID_FK, FIDE_PRODUCTOS_ID_FK, FIDE_DETALLE_VENTA_CANTIDAD, FIDE_ESTADO_ID_FK) 
VALUES (81, 4, 6, 2);
INSERT INTO FIDE_DETALLE_VENTA_TB (FIDE_VENTAS_ID_FK, FIDE_PRODUCTOS_ID_FK, FIDE_DETALLE_VENTA_CANTIDAD, FIDE_ESTADO_ID_FK) 
VALUES (82, 5, 5, 1);
INSERT INTO FIDE_DETALLE_VENTA_TB (FIDE_VENTAS_ID_FK, FIDE_PRODUCTOS_ID_FK, FIDE_DETALLE_VENTA_CANTIDAD, FIDE_ESTADO_ID_FK) 
VALUES (83, 6, 9, 2);
INSERT INTO FIDE_DETALLE_VENTA_TB (FIDE_VENTAS_ID_FK, FIDE_PRODUCTOS_ID_FK, FIDE_DETALLE_VENTA_CANTIDAD, FIDE_ESTADO_ID_FK) 
VALUES (84, 7, 3, 1);
INSERT INTO FIDE_DETALLE_VENTA_TB (FIDE_VENTAS_ID_FK, FIDE_PRODUCTOS_ID_FK, FIDE_DETALLE_VENTA_CANTIDAD, FIDE_ESTADO_ID_FK) 
VALUES (85, 8, 8, 1);
INSERT INTO FIDE_DETALLE_VENTA_TB (FIDE_VENTAS_ID_FK, FIDE_PRODUCTOS_ID_FK, FIDE_DETALLE_VENTA_CANTIDAD, FIDE_ESTADO_ID_FK) 
VALUES (86, 9, 8, 2);
INSERT INTO FIDE_DETALLE_VENTA_TB (FIDE_VENTAS_ID_FK, FIDE_PRODUCTOS_ID_FK, FIDE_DETALLE_VENTA_CANTIDAD, FIDE_ESTADO_ID_FK) 
VALUES (87, 10, 4, 1);
INSERT INTO FIDE_DETALLE_VENTA_TB (FIDE_VENTAS_ID_FK, FIDE_PRODUCTOS_ID_FK, FIDE_DETALLE_VENTA_CANTIDAD, FIDE_ESTADO_ID_FK) 
VALUES (88, 11, 3, 1);
INSERT INTO FIDE_DETALLE_VENTA_TB (FIDE_VENTAS_ID_FK, FIDE_PRODUCTOS_ID_FK, FIDE_DETALLE_VENTA_CANTIDAD, FIDE_ESTADO_ID_FK) 
VALUES (89,	12, 9, 1);
INSERT INTO FIDE_DETALLE_VENTA_TB (FIDE_VENTAS_ID_FK, FIDE_PRODUCTOS_ID_FK, FIDE_DETALLE_VENTA_CANTIDAD, FIDE_ESTADO_ID_FK) 
VALUES (90, 13, 2, 1);
INSERT INTO FIDE_DETALLE_VENTA_TB (FIDE_VENTAS_ID_FK, FIDE_PRODUCTOS_ID_FK, FIDE_DETALLE_VENTA_CANTIDAD, FIDE_ESTADO_ID_FK) 
VALUES (91, 1, 2, 1);
INSERT INTO FIDE_DETALLE_VENTA_TB (FIDE_VENTAS_ID_FK, FIDE_PRODUCTOS_ID_FK, FIDE_DETALLE_VENTA_CANTIDAD, FIDE_ESTADO_ID_FK) 
VALUES (92, 2, 8, 2);
INSERT INTO FIDE_DETALLE_VENTA_TB (FIDE_VENTAS_ID_FK, FIDE_PRODUCTOS_ID_FK, FIDE_DETALLE_VENTA_CANTIDAD, FIDE_ESTADO_ID_FK) 
VALUES (93, 3, 2, 1);
INSERT INTO FIDE_DETALLE_VENTA_TB (FIDE_VENTAS_ID_FK, FIDE_PRODUCTOS_ID_FK, FIDE_DETALLE_VENTA_CANTIDAD, FIDE_ESTADO_ID_FK) 
VALUES (94, 4, 10, 1);
INSERT INTO FIDE_DETALLE_VENTA_TB (FIDE_VENTAS_ID_FK, FIDE_PRODUCTOS_ID_FK, FIDE_DETALLE_VENTA_CANTIDAD, FIDE_ESTADO_ID_FK) 
VALUES (95, 5, 3, 1);
INSERT INTO FIDE_DETALLE_VENTA_TB (FIDE_VENTAS_ID_FK, FIDE_PRODUCTOS_ID_FK, FIDE_DETALLE_VENTA_CANTIDAD, FIDE_ESTADO_ID_FK) 
VALUES (96, 6, 7, 1);
INSERT INTO FIDE_DETALLE_VENTA_TB (FIDE_VENTAS_ID_FK, FIDE_PRODUCTOS_ID_FK, FIDE_DETALLE_VENTA_CANTIDAD, FIDE_ESTADO_ID_FK) 
VALUES (97, 7, 5, 1);
INSERT INTO FIDE_DETALLE_VENTA_TB (FIDE_VENTAS_ID_FK, FIDE_PRODUCTOS_ID_FK, FIDE_DETALLE_VENTA_CANTIDAD, FIDE_ESTADO_ID_FK) 
VALUES (98, 8, 9, 1);
INSERT INTO FIDE_DETALLE_VENTA_TB (FIDE_VENTAS_ID_FK, FIDE_PRODUCTOS_ID_FK, FIDE_DETALLE_VENTA_CANTIDAD, FIDE_ESTADO_ID_FK) 
VALUES (99, 9, 5, 1);
INSERT INTO FIDE_DETALLE_VENTA_TB (FIDE_VENTAS_ID_FK, FIDE_PRODUCTOS_ID_FK, FIDE_DETALLE_VENTA_CANTIDAD, FIDE_ESTADO_ID_FK) 
VALUES (100, 10, 4, 2);
INSERT INTO FIDE_DETALLE_VENTA_TB (FIDE_VENTAS_ID_FK, FIDE_PRODUCTOS_ID_FK, FIDE_DETALLE_VENTA_CANTIDAD, FIDE_ESTADO_ID_FK) 
VALUES (101, 11, 4, 1);
INSERT INTO FIDE_DETALLE_VENTA_TB (FIDE_VENTAS_ID_FK, FIDE_PRODUCTOS_ID_FK, FIDE_DETALLE_VENTA_CANTIDAD, FIDE_ESTADO_ID_FK) 
VALUES (102, 12, 7, 1);
INSERT INTO FIDE_DETALLE_VENTA_TB (FIDE_VENTAS_ID_FK, FIDE_PRODUCTOS_ID_FK, FIDE_DETALLE_VENTA_CANTIDAD, FIDE_ESTADO_ID_FK) 
VALUES (103, 13, 5, 1);
INSERT INTO FIDE_DETALLE_VENTA_TB (FIDE_VENTAS_ID_FK, FIDE_PRODUCTOS_ID_FK, FIDE_DETALLE_VENTA_CANTIDAD, FIDE_ESTADO_ID_FK) 
VALUES (104, 1, 2, 1);
INSERT INTO FIDE_DETALLE_VENTA_TB (FIDE_VENTAS_ID_FK, FIDE_PRODUCTOS_ID_FK, FIDE_DETALLE_VENTA_CANTIDAD, FIDE_ESTADO_ID_FK) 
VALUES (105, 2, 1, 2);
INSERT INTO FIDE_DETALLE_VENTA_TB (FIDE_VENTAS_ID_FK, FIDE_PRODUCTOS_ID_FK, FIDE_DETALLE_VENTA_CANTIDAD, FIDE_ESTADO_ID_FK) 
VALUES (106, 3, 4, 2);
INSERT INTO FIDE_DETALLE_VENTA_TB (FIDE_VENTAS_ID_FK, FIDE_PRODUCTOS_ID_FK, FIDE_DETALLE_VENTA_CANTIDAD, FIDE_ESTADO_ID_FK) 
VALUES (107, 4, 6, 2);
INSERT INTO FIDE_DETALLE_VENTA_TB (FIDE_VENTAS_ID_FK, FIDE_PRODUCTOS_ID_FK, FIDE_DETALLE_VENTA_CANTIDAD, FIDE_ESTADO_ID_FK) 
VALUES (108, 5, 7, 1);
INSERT INTO FIDE_DETALLE_VENTA_TB (FIDE_VENTAS_ID_FK, FIDE_PRODUCTOS_ID_FK, FIDE_DETALLE_VENTA_CANTIDAD, FIDE_ESTADO_ID_FK) 
VALUES (109, 6, 1, 1);
INSERT INTO FIDE_DETALLE_VENTA_TB (FIDE_VENTAS_ID_FK, FIDE_PRODUCTOS_ID_FK, FIDE_DETALLE_VENTA_CANTIDAD, FIDE_ESTADO_ID_FK) 
VALUES (110, 7, 10, 1);
INSERT INTO FIDE_DETALLE_VENTA_TB (FIDE_VENTAS_ID_FK, FIDE_PRODUCTOS_ID_FK, FIDE_DETALLE_VENTA_CANTIDAD, FIDE_ESTADO_ID_FK) 
VALUES (111, 8, 10, 1);
INSERT INTO FIDE_DETALLE_VENTA_TB (FIDE_VENTAS_ID_FK, FIDE_PRODUCTOS_ID_FK, FIDE_DETALLE_VENTA_CANTIDAD, FIDE_ESTADO_ID_FK) 
VALUES (112, 9, 6, 1);
INSERT INTO FIDE_DETALLE_VENTA_TB (FIDE_VENTAS_ID_FK, FIDE_PRODUCTOS_ID_FK, FIDE_DETALLE_VENTA_CANTIDAD, FIDE_ESTADO_ID_FK) 
VALUES (113, 10, 2, 1);
INSERT INTO FIDE_DETALLE_VENTA_TB (FIDE_VENTAS_ID_FK, FIDE_PRODUCTOS_ID_FK, FIDE_DETALLE_VENTA_CANTIDAD, FIDE_ESTADO_ID_FK) 
VALUES (114, 11, 5, 1);
INSERT INTO FIDE_DETALLE_VENTA_TB (FIDE_VENTAS_ID_FK, FIDE_PRODUCTOS_ID_FK, FIDE_DETALLE_VENTA_CANTIDAD, FIDE_ESTADO_ID_FK) 
VALUES (115, 12, 1, 1);
INSERT INTO FIDE_DETALLE_VENTA_TB (FIDE_VENTAS_ID_FK, FIDE_PRODUCTOS_ID_FK, FIDE_DETALLE_VENTA_CANTIDAD, FIDE_ESTADO_ID_FK) 
VALUES (116, 13, 10, 1);
INSERT INTO FIDE_DETALLE_VENTA_TB (FIDE_VENTAS_ID_FK, FIDE_PRODUCTOS_ID_FK, FIDE_DETALLE_VENTA_CANTIDAD, FIDE_ESTADO_ID_FK) 
VALUES (117, 1, 10, 1);
INSERT INTO FIDE_DETALLE_VENTA_TB (FIDE_VENTAS_ID_FK, FIDE_PRODUCTOS_ID_FK, FIDE_DETALLE_VENTA_CANTIDAD, FIDE_ESTADO_ID_FK) 
VALUES (118, 2, 6, 1);
INSERT INTO FIDE_DETALLE_VENTA_TB (FIDE_VENTAS_ID_FK, FIDE_PRODUCTOS_ID_FK, FIDE_DETALLE_VENTA_CANTIDAD, FIDE_ESTADO_ID_FK) 
VALUES (119, 3, 2, 1);
INSERT INTO FIDE_DETALLE_VENTA_TB (FIDE_VENTAS_ID_FK, FIDE_PRODUCTOS_ID_FK, FIDE_DETALLE_VENTA_CANTIDAD, FIDE_ESTADO_ID_FK) 
VALUES (120, 4, 1, 2);
INSERT INTO FIDE_DETALLE_VENTA_TB (FIDE_VENTAS_ID_FK, FIDE_PRODUCTOS_ID_FK, FIDE_DETALLE_VENTA_CANTIDAD, FIDE_ESTADO_ID_FK) 
VALUES (121,5, 9, 1);
INSERT INTO FIDE_DETALLE_VENTA_TB (FIDE_VENTAS_ID_FK, FIDE_PRODUCTOS_ID_FK, FIDE_DETALLE_VENTA_CANTIDAD, FIDE_ESTADO_ID_FK) 
VALUES (122, 6, 1, 1);
INSERT INTO FIDE_DETALLE_VENTA_TB (FIDE_VENTAS_ID_FK, FIDE_PRODUCTOS_ID_FK, FIDE_DETALLE_VENTA_CANTIDAD, FIDE_ESTADO_ID_FK) 
VALUES (123, 7, 4, 2);
INSERT INTO FIDE_DETALLE_VENTA_TB (FIDE_VENTAS_ID_FK, FIDE_PRODUCTOS_ID_FK, FIDE_DETALLE_VENTA_CANTIDAD, FIDE_ESTADO_ID_FK) 
VALUES (124, 8, 9, 1);
INSERT INTO FIDE_DETALLE_VENTA_TB (FIDE_VENTAS_ID_FK, FIDE_PRODUCTOS_ID_FK, FIDE_DETALLE_VENTA_CANTIDAD, FIDE_ESTADO_ID_FK) 
VALUES (125, 9, 5, 1);
INSERT INTO FIDE_DETALLE_VENTA_TB (FIDE_VENTAS_ID_FK, FIDE_PRODUCTOS_ID_FK, FIDE_DETALLE_VENTA_CANTIDAD, FIDE_ESTADO_ID_FK) 
VALUES (126, 10, 4, 1);
INSERT INTO FIDE_DETALLE_VENTA_TB (FIDE_VENTAS_ID_FK, FIDE_PRODUCTOS_ID_FK, FIDE_DETALLE_VENTA_CANTIDAD, FIDE_ESTADO_ID_FK) 
VALUES (127, 11, 2, 2);
INSERT INTO FIDE_DETALLE_VENTA_TB (FIDE_VENTAS_ID_FK, FIDE_PRODUCTOS_ID_FK, FIDE_DETALLE_VENTA_CANTIDAD, FIDE_ESTADO_ID_FK) 
VALUES (128, 12, 3, 1);
INSERT INTO FIDE_DETALLE_VENTA_TB (FIDE_VENTAS_ID_FK, FIDE_PRODUCTOS_ID_FK, FIDE_DETALLE_VENTA_CANTIDAD, FIDE_ESTADO_ID_FK) 
VALUES (129, 13, 4, 1);
INSERT INTO FIDE_DETALLE_VENTA_TB (FIDE_VENTAS_ID_FK, FIDE_PRODUCTOS_ID_FK, FIDE_DETALLE_VENTA_CANTIDAD, FIDE_ESTADO_ID_FK) 
VALUES (130, 1, 9, 1);
INSERT INTO FIDE_DETALLE_VENTA_TB (FIDE_VENTAS_ID_FK, FIDE_PRODUCTOS_ID_FK, FIDE_DETALLE_VENTA_CANTIDAD, FIDE_ESTADO_ID_FK) 
VALUES (131, 2, 6, 1);
INSERT INTO FIDE_DETALLE_VENTA_TB (FIDE_VENTAS_ID_FK, FIDE_PRODUCTOS_ID_FK, FIDE_DETALLE_VENTA_CANTIDAD, FIDE_ESTADO_ID_FK) 
VALUES (132, 3, 9, 1);
INSERT INTO FIDE_DETALLE_VENTA_TB (FIDE_VENTAS_ID_FK, FIDE_PRODUCTOS_ID_FK, FIDE_DETALLE_VENTA_CANTIDAD, FIDE_ESTADO_ID_FK) 
VALUES (133, 4, 1, 1);
INSERT INTO FIDE_DETALLE_VENTA_TB (FIDE_VENTAS_ID_FK, FIDE_PRODUCTOS_ID_FK, FIDE_DETALLE_VENTA_CANTIDAD, FIDE_ESTADO_ID_FK) 
VALUES (134, 5, 4, 1);
INSERT INTO FIDE_DETALLE_VENTA_TB (FIDE_VENTAS_ID_FK, FIDE_PRODUCTOS_ID_FK, FIDE_DETALLE_VENTA_CANTIDAD, FIDE_ESTADO_ID_FK) 
VALUES (135, 6, 9, 1);
INSERT INTO FIDE_DETALLE_VENTA_TB (FIDE_VENTAS_ID_FK, FIDE_PRODUCTOS_ID_FK, FIDE_DETALLE_VENTA_CANTIDAD, FIDE_ESTADO_ID_FK) 
VALUES (136, 7, 1, 1);
INSERT INTO FIDE_DETALLE_VENTA_TB (FIDE_VENTAS_ID_FK, FIDE_PRODUCTOS_ID_FK, FIDE_DETALLE_VENTA_CANTIDAD, FIDE_ESTADO_ID_FK) 
VALUES (137, 8, 3, 1);
INSERT INTO FIDE_DETALLE_VENTA_TB (FIDE_VENTAS_ID_FK, FIDE_PRODUCTOS_ID_FK, FIDE_DETALLE_VENTA_CANTIDAD, FIDE_ESTADO_ID_FK) 
VALUES (138, 9, 4, 2);
INSERT INTO FIDE_DETALLE_VENTA_TB (FIDE_VENTAS_ID_FK, FIDE_PRODUCTOS_ID_FK, FIDE_DETALLE_VENTA_CANTIDAD, FIDE_ESTADO_ID_FK) 
VALUES (139, 10, 3, 1);
INSERT INTO FIDE_DETALLE_VENTA_TB (FIDE_VENTAS_ID_FK, FIDE_PRODUCTOS_ID_FK, FIDE_DETALLE_VENTA_CANTIDAD, FIDE_ESTADO_ID_FK) 
VALUES (140, 11, 5, 1);
INSERT INTO FIDE_DETALLE_VENTA_TB (FIDE_VENTAS_ID_FK, FIDE_PRODUCTOS_ID_FK, FIDE_DETALLE_VENTA_CANTIDAD, FIDE_ESTADO_ID_FK) 
VALUES (141, 12, 10, 1);
INSERT INTO FIDE_DETALLE_VENTA_TB (FIDE_VENTAS_ID_FK, FIDE_PRODUCTOS_ID_FK, FIDE_DETALLE_VENTA_CANTIDAD, FIDE_ESTADO_ID_FK) 
VALUES (142, 13, 1, 1);
INSERT INTO FIDE_DETALLE_VENTA_TB (FIDE_VENTAS_ID_FK, FIDE_PRODUCTOS_ID_FK, FIDE_DETALLE_VENTA_CANTIDAD, FIDE_ESTADO_ID_FK) 
VALUES (143, 1, 1, 1);
INSERT INTO FIDE_DETALLE_VENTA_TB (FIDE_VENTAS_ID_FK, FIDE_PRODUCTOS_ID_FK, FIDE_DETALLE_VENTA_CANTIDAD, FIDE_ESTADO_ID_FK) 
VALUES (144, 2, 7, 1);
INSERT INTO FIDE_DETALLE_VENTA_TB (FIDE_VENTAS_ID_FK, FIDE_PRODUCTOS_ID_FK, FIDE_DETALLE_VENTA_CANTIDAD, FIDE_ESTADO_ID_FK) 
VALUES (145, 3, 3, 1);
INSERT INTO FIDE_DETALLE_VENTA_TB (FIDE_VENTAS_ID_FK, FIDE_PRODUCTOS_ID_FK, FIDE_DETALLE_VENTA_CANTIDAD, FIDE_ESTADO_ID_FK) 
VALUES (146, 4, 1, 2);
INSERT INTO FIDE_DETALLE_VENTA_TB (FIDE_VENTAS_ID_FK, FIDE_PRODUCTOS_ID_FK, FIDE_DETALLE_VENTA_CANTIDAD, FIDE_ESTADO_ID_FK) 
VALUES (147, 5, 9, 1);
INSERT INTO FIDE_DETALLE_VENTA_TB (FIDE_VENTAS_ID_FK, FIDE_PRODUCTOS_ID_FK, FIDE_DETALLE_VENTA_CANTIDAD, FIDE_ESTADO_ID_FK) 
VALUES (148, 6, 10, 1);
INSERT INTO FIDE_DETALLE_VENTA_TB (FIDE_VENTAS_ID_FK, FIDE_PRODUCTOS_ID_FK, FIDE_DETALLE_VENTA_CANTIDAD, FIDE_ESTADO_ID_FK) 
VALUES (149, 7, 5, 1);
INSERT INTO FIDE_DETALLE_VENTA_TB (FIDE_VENTAS_ID_FK, FIDE_PRODUCTOS_ID_FK, FIDE_DETALLE_VENTA_CANTIDAD, FIDE_ESTADO_ID_FK) 
VALUES (150, 8, 1, 1);



-- SELECTS PARA COMPROBAR LA INFO
SELECT * FROM FIDE_ESTADO_TB;
SELECT * FROM FIDE_PAIS_TB;
SELECT * FROM FIDE_PROVINCIA_TB;
SELECT * FROM FIDE_CANTON_TB;
SELECT * FROM FIDE_DISTRITO_TB;
SELECT * FROM FIDE_ROLES_TB;
SELECT * FROM FIDE_USUARIOS_TB;
SELECT * FROM FIDE_EMPRESA_TB;
SELECT * FROM FIDE_DIRECCION_EMPRESA_TB;
SELECT * FROM FIDE_CATEGORIAS_TB;
SELECT * FROM FIDE_PRODUCTOS_TB;
SELECT * FROM FIDE_VENTAS_TB;
SELECT * FROM FIDE_DETALLE_VENTA_TB;
SELECT * FROM FIDE_TIPOS_MOVIMIENTO_TB;
SELECT * FROM FIDE_MOVIMIENTOS_INVENTARIO_TB;
SELECT * FROM FIDE_BITACORA_TB;



