-- INSERTS
USE GESTION_VENTAS;

--ESTADOS
INSERT INTO FIDE_ESTADO_TB (FIDE_ESTADO_ID_PK,FIDE_ESTADO_TIPO) VALUES (1, 'Activo' );
INSERT INTO FIDE_ESTADO_TB (FIDE_ESTADO_ID_PK,FIDE_ESTADO_TIPO) VALUES (2, 'Inactivo' );

-- PAIS
INSERT INTO FIDE_PAIS_TB (FIDE_PAIS_NOMBRE, FIDE_ESTADO_ID_FK) VALUES ('Panamá', 1);
INSERT INTO FIDE_PAIS_TB (FIDE_PAIS_NOMBRE, FIDE_ESTADO_ID_FK) VALUES ('Nicaragua', 1);
INSERT INTO FIDE_PAIS_TB (FIDE_PAIS_NOMBRE, FIDE_ESTADO_ID_FK) VALUES ('Honduras', 1);

-- PROVINCIA
INSERT INTO FIDE_PROVINCIA_TB (FIDE_PROVINCIA_NOMBRE, FIDE_ESTADO_ID_FK) VALUES ('San José', 1);
INSERT INTO FIDE_PROVINCIA_TB (FIDE_PROVINCIA_NOMBRE, FIDE_ESTADO_ID_FK) VALUES ('Alajuela', 1);
INSERT INTO FIDE_PROVINCIA_TB (FIDE_PROVINCIA_NOMBRE, FIDE_ESTADO_ID_FK) VALUES ('Cartago', 1);

-- CANTON
INSERT INTO FIDE_CANTON_TB (FIDE_CANTON_NOMBRE, FIDE_ESTADO_ID_FK) VALUES ('Escazú', 1);
INSERT INTO FIDE_CANTON_TB (FIDE_CANTON_NOMBRE, FIDE_ESTADO_ID_FK) VALUES ('Alajuela', 1);
INSERT INTO FIDE_CANTON_TB (FIDE_CANTON_NOMBRE, FIDE_ESTADO_ID_FK) VALUES ('Oreamuno', 1);

-- DISTRITO
INSERT INTO FIDE_DISTRITO_TB (FIDE_DISTRITO_NOMBRE, FIDE_ESTADO_ID_FK) VALUES ('San Rafael', 1);
INSERT INTO FIDE_DISTRITO_TB (FIDE_DISTRITO_NOMBRE, FIDE_ESTADO_ID_FK) VALUES ('Tambor', 1);
INSERT INTO FIDE_DISTRITO_TB (FIDE_DISTRITO_NOMBRE, FIDE_ESTADO_ID_FK) VALUES ('San Nicolás', 1);

-- ROLES
INSERT INTO FIDE_ROLES_TB (FIDE_ROLES_NOMBRE, FIDE_ESTADO_ID_FK) VALUES ('Técnico', 1);-- ID 1
INSERT INTO FIDE_ROLES_TB (FIDE_ROLES_NOMBRE, FIDE_ESTADO_ID_FK) VALUES ('Contador', 1); -- ID 2

-- USUARIOS 
INSERT INTO FIDE_EMPRESA_TB (FIDE_EMPRESA_CEDULA_PK, FIDE_EMPRESA_NOMBRE, FIDE_EMPRESA_TELEFONO, FIDE_EMPRESA_CORREO, FIDE_ESTADO_ID_FK)
VALUES (3101124, 'Innovate CR', '2222-4444', 'contact@innovate.cr', 1);
INSERT INTO FIDE_EMPRESA_TB (FIDE_EMPRESA_CEDULA_PK, FIDE_EMPRESA_NOMBRE, FIDE_EMPRESA_TELEFONO, FIDE_EMPRESA_CORREO, FIDE_ESTADO_ID_FK)
VALUES (3101125, 'EcoStore', '2222-5555', 'ventas@ecostore.cr', 1);
INSERT INTO FIDE_EMPRESA_TB (FIDE_EMPRESA_CEDULA_PK, FIDE_EMPRESA_NOMBRE, FIDE_EMPRESA_TELEFONO, FIDE_EMPRESA_CORREO, FIDE_ESTADO_ID_FK)
VALUES (3101126, 'SmartTech', '2222-6666', 'info@smarttech.cr', 1);

-- EMPRESA
INSERT INTO FIDE_EMPRESA_TB (FIDE_EMPRESA_CEDULA_PK, FIDE_EMPRESA_NOMBRE, FIDE_EMPRESA_TELEFONO, FIDE_EMPRESA_CORREO, FIDE_ESTADO_ID_FK)
VALUES (3101124, 'Innovate CR', '2222-4444', 'contact@innovate.cr', 1);
INSERT INTO FIDE_EMPRESA_TB (FIDE_EMPRESA_CEDULA_PK, FIDE_EMPRESA_NOMBRE, FIDE_EMPRESA_TELEFONO, FIDE_EMPRESA_CORREO, FIDE_ESTADO_ID_FK)
VALUES (3101125, 'EcoStore', '2222-5555', 'ventas@ecostore.cr', 1);
INSERT INTO FIDE_EMPRESA_TB (FIDE_EMPRESA_CEDULA_PK, FIDE_EMPRESA_NOMBRE, FIDE_EMPRESA_TELEFONO, FIDE_EMPRESA_CORREO, FIDE_ESTADO_ID_FK)
VALUES (3101126, 'SmartTech', '2222-6666', 'info@smarttech.cr', 1);

-- DIRECCION_EMPRESA
INSERT INTO FIDE_DIRECCION_EMPRESA_TB (FIDE_EMPRESA_CEDULA_FK, FIDE_PAIS_ID_FK, FIDE_PROVINCIA_ID_FK, FIDE_CANTON_ID_FK, FIDE_DISTRITO_ID_FK, FIDE_DIRECCION_OTRAS_SENAS, FIDE_ESTADO_ID_FK)
VALUES (3101124, 1, 2, 2, 2, '200 mts norte del colegio', 1);
INSERT INTO FIDE_DIRECCION_EMPRESA_TB (FIDE_EMPRESA_CEDULA_FK, FIDE_PAIS_ID_FK, FIDE_PROVINCIA_ID_FK, FIDE_CANTON_ID_FK, FIDE_DISTRITO_ID_FK, FIDE_DIRECCION_OTRAS_SENAS, FIDE_ESTADO_ID_FK)
VALUES (3101125, 1, 3, 3, 3, 'Frente a la plaza', 1);
INSERT INTO FIDE_DIRECCION_EMPRESA_TB (FIDE_EMPRESA_CEDULA_FK, FIDE_PAIS_ID_FK, FIDE_PROVINCIA_ID_FK, FIDE_CANTON_ID_FK, FIDE_DISTRITO_ID_FK, FIDE_DIRECCION_OTRAS_SENAS, FIDE_ESTADO_ID_FK)
VALUES (3101126, 2, 1, 1, 1, 'Al lado del banco nacional', 1);

-- CATEGORIAS
INSERT INTO FIDE_CATEGORIAS_TB (FIDE_CATEGORIAS_NOMBRE, FIDE_CATEGORIAS_DESCRIPCION, FIDE_ESTADO_ID_FK)
VALUES ('Hogar', 'Electrodomésticos y mobiliario', 1);
INSERT INTO FIDE_CATEGORIAS_TB (FIDE_CATEGORIAS_NOMBRE, FIDE_CATEGORIAS_DESCRIPCION, FIDE_ESTADO_ID_FK)
VALUES ('Deportes', 'Equipos y accesorios deportivos', 1);
INSERT INTO FIDE_CATEGORIAS_TB (FIDE_CATEGORIAS_NOMBRE, FIDE_CATEGORIAS_DESCRIPCION, FIDE_ESTADO_ID_FK)
VALUES ('Ropa', 'Vestimenta y accesorios', 1);

-- PRODUCTOS
INSERT INTO FIDE_PRODUCTOS_TB (FIDE_PRODUCTOS_CODIGO, FIDE_PRODUCTOS_NOMBRE, FIDE_PRODUCTOS_COSTO, FIDE_PRODUCTOS_DESCRIPCION, FIDE_CATEGORIAS_ID_FK, FIDE_ESTADO_ID_FK)
VALUES (1002, 'Refrigeradora LG', 600.00, 'Refrigeradora con ahorro energético', 1, 1);
INSERT INTO FIDE_PRODUCTOS_TB (FIDE_PRODUCTOS_CODIGO, FIDE_PRODUCTOS_NOMBRE, FIDE_PRODUCTOS_COSTO, FIDE_PRODUCTOS_DESCRIPCION, FIDE_CATEGORIAS_ID_FK, FIDE_ESTADO_ID_FK)
VALUES (1003, 'Bicicleta Montaña', 350.00, 'Bicicleta todo terreno', 2, 1);
INSERT INTO FIDE_PRODUCTOS_TB (FIDE_PRODUCTOS_CODIGO, FIDE_PRODUCTOS_NOMBRE, FIDE_PRODUCTOS_COSTO, FIDE_PRODUCTOS_DESCRIPCION, FIDE_CATEGORIAS_ID_FK, FIDE_ESTADO_ID_FK)
VALUES (1004, 'Camiseta deportiva', 20.00, 'Camiseta dry-fit unisex', 3, 1);
INSERT INTO FIDE_PRODUCTOS_TB (FIDE_PRODUCTOS_CODIGO, FIDE_PRODUCTOS_NOMBRE, FIDE_PRODUCTOS_COSTO, FIDE_PRODUCTOS_DESCRIPCION, FIDE_CATEGORIAS_ID_FK, FIDE_ESTADO_ID_FK)
VALUES (1005, 'Monitor Samsung 27"', 220.00, 'Monitor LED Full HD de 27 pulgadas', 4, 1);
INSERT INTO FIDE_PRODUCTOS_TB (FIDE_PRODUCTOS_CODIGO, FIDE_PRODUCTOS_NOMBRE, FIDE_PRODUCTOS_COSTO, FIDE_PRODUCTOS_DESCRIPCION, FIDE_CATEGORIAS_ID_FK, FIDE_ESTADO_ID_FK)
VALUES (1006, 'Mouse Logitech G203', 30.00, 'Mouse gamer con iluminación RGB', 4, 1);
INSERT INTO FIDE_PRODUCTOS_TB (FIDE_PRODUCTOS_CODIGO, FIDE_PRODUCTOS_NOMBRE, FIDE_PRODUCTOS_COSTO, FIDE_PRODUCTOS_DESCRIPCION, FIDE_CATEGORIAS_ID_FK, FIDE_ESTADO_ID_FK)
VALUES (1007, 'Teclado Mecánico Redragon', 55.00, 'Teclado mecánico retroiluminado para gamers', 4, 1);
INSERT INTO FIDE_PRODUCTOS_TB (FIDE_PRODUCTOS_CODIGO, FIDE_PRODUCTOS_NOMBRE, FIDE_PRODUCTOS_COSTO, FIDE_PRODUCTOS_DESCRIPCION, FIDE_CATEGORIAS_ID_FK, FIDE_ESTADO_ID_FK)
VALUES (1008, 'Tarjeta Gráfica NVIDIA RTX 3060', 410.00, 'GPU para gaming de alto rendimiento', 4, 1);
INSERT INTO FIDE_PRODUCTOS_TB (FIDE_PRODUCTOS_CODIGO, FIDE_PRODUCTOS_NOMBRE, FIDE_PRODUCTOS_COSTO, FIDE_PRODUCTOS_DESCRIPCION, FIDE_CATEGORIAS_ID_FK, FIDE_ESTADO_ID_FK)
VALUES (1009, 'Laptop ASUS VivoBook', 750.00, 'Laptop ligera con procesador Ryzen 5', 4, 1);
INSERT INTO FIDE_PRODUCTOS_TB (FIDE_PRODUCTOS_CODIGO, FIDE_PRODUCTOS_NOMBRE, FIDE_PRODUCTOS_COSTO, FIDE_PRODUCTOS_DESCRIPCION, FIDE_CATEGORIAS_ID_FK, FIDE_ESTADO_ID_FK)
VALUES (1010, 'Disco Duro SSD 1TB', 95.00, 'Almacenamiento sólido de 1TB con alta velocidad', 4, 1);
INSERT INTO FIDE_PRODUCTOS_TB (FIDE_PRODUCTOS_CODIGO, FIDE_PRODUCTOS_NOMBRE, FIDE_PRODUCTOS_COSTO, FIDE_PRODUCTOS_DESCRIPCION, FIDE_CATEGORIAS_ID_FK, FIDE_ESTADO_ID_FK)
VALUES (1011, 'Auriculares Gamer HyperX', 65.00, 'Auriculares con micrófono y sonido envolvente', 4, 1);
INSERT INTO FIDE_PRODUCTOS_TB (FIDE_PRODUCTOS_CODIGO, FIDE_PRODUCTOS_NOMBRE, FIDE_PRODUCTOS_COSTO, FIDE_PRODUCTOS_DESCRIPCION, FIDE_CATEGORIAS_ID_FK, FIDE_ESTADO_ID_FK)
VALUES (1012, 'Webcam Logitech C920', 70.00, 'Cámara web Full HD ideal para videollamadas', 4, 1);
INSERT INTO FIDE_PRODUCTOS_TB (FIDE_PRODUCTOS_CODIGO, FIDE_PRODUCTOS_NOMBRE, FIDE_PRODUCTOS_COSTO, FIDE_PRODUCTOS_DESCRIPCION, FIDE_CATEGORIAS_ID_FK, FIDE_ESTADO_ID_FK)
VALUES (1013, 'Silla Gamer Razer', 180.00, 'Silla ergonómica con soporte lumbar', 4, 1);
INSERT INTO FIDE_PRODUCTOS_TB (FIDE_PRODUCTOS_CODIGO, FIDE_PRODUCTOS_NOMBRE, FIDE_PRODUCTOS_COSTO, FIDE_PRODUCTOS_DESCRIPCION, FIDE_CATEGORIAS_ID_FK, FIDE_ESTADO_ID_FK)
VALUES (1014, 'Tablet Lenovo M10', 200.00, 'Tablet de 10.1 pulgadas ideal para estudio y multimedia', 4, 1);


-- VENTAS 
INSERT INTO FIDE_VENTAS_TB (FIDE_VENTAS_FECHA, FIDE_USUARIOS_ID_FK, FIDE_EMPRESA_CEDULA_FK, FIDE_ESTADO_ID_FK)
VALUES ('2025-06-01', 2, 3101124, 1); 
INSERT INTO FIDE_VENTAS_TB (FIDE_VENTAS_FECHA, FIDE_USUARIOS_ID_FK, FIDE_EMPRESA_CEDULA_FK, FIDE_ESTADO_ID_FK)
VALUES ('2025-06-03', 1, 3101125, 1);
INSERT INTO FIDE_VENTAS_TB (FIDE_VENTAS_FECHA, FIDE_USUARIOS_ID_FK, FIDE_EMPRESA_CEDULA_FK, FIDE_ESTADO_ID_FK)
VALUES ('2025-06-05', 2, 3101126, 1); 

-- DETALLE_VENTA 
INSERT INTO FIDE_DETALLE_VENTA_TB (FIDE_VENTAS_ID_FK, FIDE_PRODUCTOS_ID_FK, FIDE_DETALLE_VENTA_CANTIDAD, FIDE_ESTADO_ID_FK) 
VALUES (1, 1002, 9, 1);
INSERT INTO FIDE_DETALLE_VENTA_TB (FIDE_VENTAS_ID_FK, FIDE_PRODUCTOS_ID_FK, FIDE_DETALLE_VENTA_CANTIDAD, FIDE_ESTADO_ID_FK) 
VALUES (2, 1003, 5, 1);
INSERT INTO FIDE_DETALLE_VENTA_TB (FIDE_VENTAS_ID_FK, FIDE_PRODUCTOS_ID_FK, FIDE_DETALLE_VENTA_CANTIDAD, FIDE_ESTADO_ID_FK) 
VALUES (3, 1004, 7, 1);
INSERT INTO FIDE_DETALLE_VENTA_TB (FIDE_VENTAS_ID_FK, FIDE_PRODUCTOS_ID_FK, FIDE_DETALLE_VENTA_CANTIDAD, FIDE_ESTADO_ID_FK) 
VALUES (4, 1005, 3, 1);
INSERT INTO FIDE_DETALLE_VENTA_TB (FIDE_VENTAS_ID_FK, FIDE_PRODUCTOS_ID_FK, FIDE_DETALLE_VENTA_CANTIDAD, FIDE_ESTADO_ID_FK) 
VALUES (5, 1006, 10, 1);
INSERT INTO FIDE_DETALLE_VENTA_TB (FIDE_VENTAS_ID_FK, FIDE_PRODUCTOS_ID_FK, FIDE_DETALLE_VENTA_CANTIDAD, FIDE_ESTADO_ID_FK) 
VALUES (6, 1007, 2, 1);
INSERT INTO FIDE_DETALLE_VENTA_TB (FIDE_VENTAS_ID_FK, FIDE_PRODUCTOS_ID_FK, FIDE_DETALLE_VENTA_CANTIDAD, FIDE_ESTADO_ID_FK) 
VALUES (7, 1008, 2, 1);
INSERT INTO FIDE_DETALLE_VENTA_TB (FIDE_VENTAS_ID_FK, FIDE_PRODUCTOS_ID_FK, FIDE_DETALLE_VENTA_CANTIDAD, FIDE_ESTADO_ID_FK) 
VALUES (8, 1009, 10, 1);
INSERT INTO FIDE_DETALLE_VENTA_TB (FIDE_VENTAS_ID_FK, FIDE_PRODUCTOS_ID_FK, FIDE_DETALLE_VENTA_CANTIDAD, FIDE_ESTADO_ID_FK) 
VALUES (9, 1010, 7, 1);
INSERT INTO FIDE_DETALLE_VENTA_TB (FIDE_VENTAS_ID_FK, FIDE_PRODUCTOS_ID_FK, FIDE_DETALLE_VENTA_CANTIDAD, FIDE_ESTADO_ID_FK) 
VALUES (10, 1011, 8, 1);
INSERT INTO FIDE_DETALLE_VENTA_TB (FIDE_VENTAS_ID_FK, FIDE_PRODUCTOS_ID_FK, FIDE_DETALLE_VENTA_CANTIDAD, FIDE_ESTADO_ID_FK) 
VALUES (11, 1012, 9, 1);
INSERT INTO FIDE_DETALLE_VENTA_TB (FIDE_VENTAS_ID_FK, FIDE_PRODUCTOS_ID_FK, FIDE_DETALLE_VENTA_CANTIDAD, FIDE_ESTADO_ID_FK) 
VALUES (12, 1013, 1, 1);
INSERT INTO FIDE_DETALLE_VENTA_TB (FIDE_VENTAS_ID_FK, FIDE_PRODUCTOS_ID_FK, FIDE_DETALLE_VENTA_CANTIDAD, FIDE_ESTADO_ID_FK) 
VALUES (13, 1014, 2, 1);
INSERT INTO FIDE_DETALLE_VENTA_TB (FIDE_VENTAS_ID_FK, FIDE_PRODUCTOS_ID_FK, FIDE_DETALLE_VENTA_CANTIDAD, FIDE_ESTADO_ID_FK) 
VALUES (14, 1002, 8, 1);
INSERT INTO FIDE_DETALLE_VENTA_TB (FIDE_VENTAS_ID_FK, FIDE_PRODUCTOS_ID_FK, FIDE_DETALLE_VENTA_CANTIDAD, FIDE_ESTADO_ID_FK) 
VALUES (15, 1003, 8, 1);
INSERT INTO FIDE_DETALLE_VENTA_TB (FIDE_VENTAS_ID_FK, FIDE_PRODUCTOS_ID_FK, FIDE_DETALLE_VENTA_CANTIDAD, FIDE_ESTADO_ID_FK) 
VALUES (16, 1004, 8, 1);
INSERT INTO FIDE_DETALLE_VENTA_TB (FIDE_VENTAS_ID_FK, FIDE_PRODUCTOS_ID_FK, FIDE_DETALLE_VENTA_CANTIDAD, FIDE_ESTADO_ID_FK) 
VALUES (17, 1005, 7, 1);
INSERT INTO FIDE_DETALLE_VENTA_TB (FIDE_VENTAS_ID_FK, FIDE_PRODUCTOS_ID_FK, FIDE_DETALLE_VENTA_CANTIDAD, FIDE_ESTADO_ID_FK) 
VALUES (18, 1006, 8, 1);
INSERT INTO FIDE_DETALLE_VENTA_TB (FIDE_VENTAS_ID_FK, FIDE_PRODUCTOS_ID_FK, FIDE_DETALLE_VENTA_CANTIDAD, FIDE_ESTADO_ID_FK) 
VALUES (19, 1007, 4, 1);
INSERT INTO FIDE_DETALLE_VENTA_TB (FIDE_VENTAS_ID_FK, FIDE_PRODUCTOS_ID_FK, FIDE_DETALLE_VENTA_CANTIDAD, FIDE_ESTADO_ID_FK) 
VALUES (20, 1008, 4, 1);
INSERT INTO FIDE_DETALLE_VENTA_TB (FIDE_VENTAS_ID_FK, FIDE_PRODUCTOS_ID_FK, FIDE_DETALLE_VENTA_CANTIDAD, FIDE_ESTADO_ID_FK) 
VALUES (21, 1009, 9, 1);
INSERT INTO FIDE_DETALLE_VENTA_TB (FIDE_VENTAS_ID_FK, FIDE_PRODUCTOS_ID_FK, FIDE_DETALLE_VENTA_CANTIDAD, FIDE_ESTADO_ID_FK) 
VALUES (22, 1010, 2, 1);
INSERT INTO FIDE_DETALLE_VENTA_TB (FIDE_VENTAS_ID_FK, FIDE_PRODUCTOS_ID_FK, FIDE_DETALLE_VENTA_CANTIDAD, FIDE_ESTADO_ID_FK) 
VALUES (23, 1011, 5, 1);
INSERT INTO FIDE_DETALLE_VENTA_TB (FIDE_VENTAS_ID_FK, FIDE_PRODUCTOS_ID_FK, FIDE_DETALLE_VENTA_CANTIDAD, FIDE_ESTADO_ID_FK) 
VALUES (24, 1012, 1, 1);
INSERT INTO FIDE_DETALLE_VENTA_TB (FIDE_VENTAS_ID_FK, FIDE_PRODUCTOS_ID_FK, FIDE_DETALLE_VENTA_CANTIDAD, FIDE_ESTADO_ID_FK) 
VALUES (25, 1013, 7, 2);
INSERT INTO FIDE_DETALLE_VENTA_TB (FIDE_VENTAS_ID_FK, FIDE_PRODUCTOS_ID_FK, FIDE_DETALLE_VENTA_CANTIDAD, FIDE_ESTADO_ID_FK) 
VALUES (26, 1014, 9, 1);
INSERT INTO FIDE_DETALLE_VENTA_TB (FIDE_VENTAS_ID_FK, FIDE_PRODUCTOS_ID_FK, FIDE_DETALLE_VENTA_CANTIDAD, FIDE_ESTADO_ID_FK) 
VALUES (27, 1002, 9, 1);
INSERT INTO FIDE_DETALLE_VENTA_TB (FIDE_VENTAS_ID_FK, FIDE_PRODUCTOS_ID_FK, FIDE_DETALLE_VENTA_CANTIDAD, FIDE_ESTADO_ID_FK) 
VALUES (28, 1003, 9, 1);
INSERT INTO FIDE_DETALLE_VENTA_TB (FIDE_VENTAS_ID_FK, FIDE_PRODUCTOS_ID_FK, FIDE_DETALLE_VENTA_CANTIDAD, FIDE_ESTADO_ID_FK) 
VALUES (29, 1004, 8, 1);
INSERT INTO FIDE_DETALLE_VENTA_TB (FIDE_VENTAS_ID_FK, FIDE_PRODUCTOS_ID_FK, FIDE_DETALLE_VENTA_CANTIDAD, FIDE_ESTADO_ID_FK) 
VALUES (30, 1005, 10, 1);
INSERT INTO FIDE_DETALLE_VENTA_TB (FIDE_VENTAS_ID_FK, FIDE_PRODUCTOS_ID_FK, FIDE_DETALLE_VENTA_CANTIDAD, FIDE_ESTADO_ID_FK) 
VALUES (31, 1006, 3, 1);
INSERT INTO FIDE_DETALLE_VENTA_TB (FIDE_VENTAS_ID_FK, FIDE_PRODUCTOS_ID_FK, FIDE_DETALLE_VENTA_CANTIDAD, FIDE_ESTADO_ID_FK) 
VALUES (32, 1007, 4, 1);
INSERT INTO FIDE_DETALLE_VENTA_TB (FIDE_VENTAS_ID_FK, FIDE_PRODUCTOS_ID_FK, FIDE_DETALLE_VENTA_CANTIDAD, FIDE_ESTADO_ID_FK) 
VALUES (33, 1008, 8, 1);
INSERT INTO FIDE_DETALLE_VENTA_TB (FIDE_VENTAS_ID_FK, FIDE_PRODUCTOS_ID_FK, FIDE_DETALLE_VENTA_CANTIDAD, FIDE_ESTADO_ID_FK) 
VALUES (34, 1009, 5, 1);
INSERT INTO FIDE_DETALLE_VENTA_TB (FIDE_VENTAS_ID_FK, FIDE_PRODUCTOS_ID_FK, FIDE_DETALLE_VENTA_CANTIDAD, FIDE_ESTADO_ID_FK) 
VALUES (35, 1010, 5, 1);
INSERT INTO FIDE_DETALLE_VENTA_TB (FIDE_VENTAS_ID_FK, FIDE_PRODUCTOS_ID_FK, FIDE_DETALLE_VENTA_CANTIDAD, FIDE_ESTADO_ID_FK) 
VALUES (36, 1011, 1, 2);
INSERT INTO FIDE_DETALLE_VENTA_TB (FIDE_VENTAS_ID_FK, FIDE_PRODUCTOS_ID_FK, FIDE_DETALLE_VENTA_CANTIDAD, FIDE_ESTADO_ID_FK) 
VALUES (37, 1012, 10, 1);
INSERT INTO FIDE_DETALLE_VENTA_TB (FIDE_VENTAS_ID_FK, FIDE_PRODUCTOS_ID_FK, FIDE_DETALLE_VENTA_CANTIDAD, FIDE_ESTADO_ID_FK) 
VALUES (38, 1013, 8, 1);
INSERT INTO FIDE_DETALLE_VENTA_TB (FIDE_VENTAS_ID_FK, FIDE_PRODUCTOS_ID_FK, FIDE_DETALLE_VENTA_CANTIDAD, FIDE_ESTADO_ID_FK) 
VALUES (39, 1014, 10, 1);
INSERT INTO FIDE_DETALLE_VENTA_TB (FIDE_VENTAS_ID_FK, FIDE_PRODUCTOS_ID_FK, FIDE_DETALLE_VENTA_CANTIDAD, FIDE_ESTADO_ID_FK) 
VALUES (40, 1002, 8, 1);
INSERT INTO FIDE_DETALLE_VENTA_TB (FIDE_VENTAS_ID_FK, FIDE_PRODUCTOS_ID_FK, FIDE_DETALLE_VENTA_CANTIDAD, FIDE_ESTADO_ID_FK) 
VALUES (41, 1003, 2, 1);
INSERT INTO FIDE_DETALLE_VENTA_TB (FIDE_VENTAS_ID_FK, FIDE_PRODUCTOS_ID_FK, FIDE_DETALLE_VENTA_CANTIDAD, FIDE_ESTADO_ID_FK) 
VALUES (42, 1004, 1, 1);
INSERT INTO FIDE_DETALLE_VENTA_TB (FIDE_VENTAS_ID_FK, FIDE_PRODUCTOS_ID_FK, FIDE_DETALLE_VENTA_CANTIDAD, FIDE_ESTADO_ID_FK) 
VALUES (43, 1005, 2, 1);
INSERT INTO FIDE_DETALLE_VENTA_TB (FIDE_VENTAS_ID_FK, FIDE_PRODUCTOS_ID_FK, FIDE_DETALLE_VENTA_CANTIDAD, FIDE_ESTADO_ID_FK) 
VALUES (44, 1006, 6, 1);
INSERT INTO FIDE_DETALLE_VENTA_TB (FIDE_VENTAS_ID_FK, FIDE_PRODUCTOS_ID_FK, FIDE_DETALLE_VENTA_CANTIDAD, FIDE_ESTADO_ID_FK) 
VALUES (45, 1007, 10, 1);
INSERT INTO FIDE_DETALLE_VENTA_TB (FIDE_VENTAS_ID_FK, FIDE_PRODUCTOS_ID_FK, FIDE_DETALLE_VENTA_CANTIDAD, FIDE_ESTADO_ID_FK) 
VALUES (46, 1008, 7, 1);
INSERT INTO FIDE_DETALLE_VENTA_TB (FIDE_VENTAS_ID_FK, FIDE_PRODUCTOS_ID_FK, FIDE_DETALLE_VENTA_CANTIDAD, FIDE_ESTADO_ID_FK) 
VALUES (47, 1009, 5, 1);
INSERT INTO FIDE_DETALLE_VENTA_TB (FIDE_VENTAS_ID_FK, FIDE_PRODUCTOS_ID_FK, FIDE_DETALLE_VENTA_CANTIDAD, FIDE_ESTADO_ID_FK) 
VALUES (48, 1010, 3, 1);
INSERT INTO FIDE_DETALLE_VENTA_TB (FIDE_VENTAS_ID_FK, FIDE_PRODUCTOS_ID_FK, FIDE_DETALLE_VENTA_CANTIDAD, FIDE_ESTADO_ID_FK) 
VALUES (49, 1011, 10, 1);
INSERT INTO FIDE_DETALLE_VENTA_TB (FIDE_VENTAS_ID_FK, FIDE_PRODUCTOS_ID_FK, FIDE_DETALLE_VENTA_CANTIDAD, FIDE_ESTADO_ID_FK) 
VALUES (50, 1012, 2, 1);
INSERT INTO FIDE_DETALLE_VENTA_TB (FIDE_VENTAS_ID_FK, FIDE_PRODUCTOS_ID_FK, FIDE_DETALLE_VENTA_CANTIDAD, FIDE_ESTADO_ID_FK) 
VALUES (51, 1013, 7, 1);
INSERT INTO FIDE_DETALLE_VENTA_TB (FIDE_VENTAS_ID_FK, FIDE_PRODUCTOS_ID_FK, FIDE_DETALLE_VENTA_CANTIDAD, FIDE_ESTADO_ID_FK) 
VALUES (52, 1014, 2, 1);
INSERT INTO FIDE_DETALLE_VENTA_TB (FIDE_VENTAS_ID_FK, FIDE_PRODUCTOS_ID_FK, FIDE_DETALLE_VENTA_CANTIDAD, FIDE_ESTADO_ID_FK) 
VALUES (53, 1002, 3, 1);
INSERT INTO FIDE_DETALLE_VENTA_TB (FIDE_VENTAS_ID_FK, FIDE_PRODUCTOS_ID_FK, FIDE_DETALLE_VENTA_CANTIDAD, FIDE_ESTADO_ID_FK) 
VALUES (54, 1003, 9, 2);
INSERT INTO FIDE_DETALLE_VENTA_TB (FIDE_VENTAS_ID_FK, FIDE_PRODUCTOS_ID_FK, FIDE_DETALLE_VENTA_CANTIDAD, FIDE_ESTADO_ID_FK) 
VALUES (55, 1004, 5, 1);
INSERT INTO FIDE_DETALLE_VENTA_TB (FIDE_VENTAS_ID_FK, FIDE_PRODUCTOS_ID_FK, FIDE_DETALLE_VENTA_CANTIDAD, FIDE_ESTADO_ID_FK) 
VALUES (56, 1005, 8, 2);
INSERT INTO FIDE_DETALLE_VENTA_TB (FIDE_VENTAS_ID_FK, FIDE_PRODUCTOS_ID_FK, FIDE_DETALLE_VENTA_CANTIDAD, FIDE_ESTADO_ID_FK) 
VALUES (57, 1006, 7, 1);
INSERT INTO FIDE_DETALLE_VENTA_TB (FIDE_VENTAS_ID_FK, FIDE_PRODUCTOS_ID_FK, FIDE_DETALLE_VENTA_CANTIDAD, FIDE_ESTADO_ID_FK) 
VALUES (58, 1007, 6, 1);
INSERT INTO FIDE_DETALLE_VENTA_TB (FIDE_VENTAS_ID_FK, FIDE_PRODUCTOS_ID_FK, FIDE_DETALLE_VENTA_CANTIDAD, FIDE_ESTADO_ID_FK) 
VALUES (59, 1008, 9, 1);
INSERT INTO FIDE_DETALLE_VENTA_TB (FIDE_VENTAS_ID_FK, FIDE_PRODUCTOS_ID_FK, FIDE_DETALLE_VENTA_CANTIDAD, FIDE_ESTADO_ID_FK) 
VALUES (60, 1009, 2, 1);
INSERT INTO FIDE_DETALLE_VENTA_TB (FIDE_VENTAS_ID_FK, FIDE_PRODUCTOS_ID_FK, FIDE_DETALLE_VENTA_CANTIDAD, FIDE_ESTADO_ID_FK) 
VALUES (61, 1010, 7, 1);
INSERT INTO FIDE_DETALLE_VENTA_TB (FIDE_VENTAS_ID_FK, FIDE_PRODUCTOS_ID_FK, FIDE_DETALLE_VENTA_CANTIDAD, FIDE_ESTADO_ID_FK) 
VALUES (62, 1011, 9, 1);
INSERT INTO FIDE_DETALLE_VENTA_TB (FIDE_VENTAS_ID_FK, FIDE_PRODUCTOS_ID_FK, FIDE_DETALLE_VENTA_CANTIDAD, FIDE_ESTADO_ID_FK) 
VALUES (63, 1012, 4, 1);
INSERT INTO FIDE_DETALLE_VENTA_TB (FIDE_VENTAS_ID_FK, FIDE_PRODUCTOS_ID_FK, FIDE_DETALLE_VENTA_CANTIDAD, FIDE_ESTADO_ID_FK) 
VALUES (64, 1013, 10, 1);
INSERT INTO FIDE_DETALLE_VENTA_TB (FIDE_VENTAS_ID_FK, FIDE_PRODUCTOS_ID_FK, FIDE_DETALLE_VENTA_CANTIDAD, FIDE_ESTADO_ID_FK) 
VALUES (65, 1014, 4, 2);
INSERT INTO FIDE_DETALLE_VENTA_TB (FIDE_VENTAS_ID_FK, FIDE_PRODUCTOS_ID_FK, FIDE_DETALLE_VENTA_CANTIDAD, FIDE_ESTADO_ID_FK) 
VALUES (66, 1002, 3, 1);
INSERT INTO FIDE_DETALLE_VENTA_TB (FIDE_VENTAS_ID_FK, FIDE_PRODUCTOS_ID_FK, FIDE_DETALLE_VENTA_CANTIDAD, FIDE_ESTADO_ID_FK) 
VALUES (67, 1003, 6, 1);
INSERT INTO FIDE_DETALLE_VENTA_TB (FIDE_VENTAS_ID_FK, FIDE_PRODUCTOS_ID_FK, FIDE_DETALLE_VENTA_CANTIDAD, FIDE_ESTADO_ID_FK) 
VALUES (68, 1004, 4, 1);
INSERT INTO FIDE_DETALLE_VENTA_TB (FIDE_VENTAS_ID_FK, FIDE_PRODUCTOS_ID_FK, FIDE_DETALLE_VENTA_CANTIDAD, FIDE_ESTADO_ID_FK) 
VALUES (69, 1005, 4, 1);
INSERT INTO FIDE_DETALLE_VENTA_TB (FIDE_VENTAS_ID_FK, FIDE_PRODUCTOS_ID_FK, FIDE_DETALLE_VENTA_CANTIDAD, FIDE_ESTADO_ID_FK) 
VALUES (70, 1006, 1, 1);
INSERT INTO FIDE_DETALLE_VENTA_TB (FIDE_VENTAS_ID_FK, FIDE_PRODUCTOS_ID_FK, FIDE_DETALLE_VENTA_CANTIDAD, FIDE_ESTADO_ID_FK) 
VALUES (71, 1007, 7, 2);
INSERT INTO FIDE_DETALLE_VENTA_TB (FIDE_VENTAS_ID_FK, FIDE_PRODUCTOS_ID_FK, FIDE_DETALLE_VENTA_CANTIDAD, FIDE_ESTADO_ID_FK) 
VALUES (72, 1008, 9, 2);
INSERT INTO FIDE_DETALLE_VENTA_TB (FIDE_VENTAS_ID_FK, FIDE_PRODUCTOS_ID_FK, FIDE_DETALLE_VENTA_CANTIDAD, FIDE_ESTADO_ID_FK) 
VALUES (73, 1009, 1, 1);
INSERT INTO FIDE_DETALLE_VENTA_TB (FIDE_VENTAS_ID_FK, FIDE_PRODUCTOS_ID_FK, FIDE_DETALLE_VENTA_CANTIDAD, FIDE_ESTADO_ID_FK) 
VALUES (74, 1010, 9, 1);
INSERT INTO FIDE_DETALLE_VENTA_TB (FIDE_VENTAS_ID_FK, FIDE_PRODUCTOS_ID_FK, FIDE_DETALLE_VENTA_CANTIDAD, FIDE_ESTADO_ID_FK) 
VALUES (75, 1011, 9, 1);
INSERT INTO FIDE_DETALLE_VENTA_TB (FIDE_VENTAS_ID_FK, FIDE_PRODUCTOS_ID_FK, FIDE_DETALLE_VENTA_CANTIDAD, FIDE_ESTADO_ID_FK) 
VALUES (76, 1012, 2, 1);
INSERT INTO FIDE_DETALLE_VENTA_TB (FIDE_VENTAS_ID_FK, FIDE_PRODUCTOS_ID_FK, FIDE_DETALLE_VENTA_CANTIDAD, FIDE_ESTADO_ID_FK) 
VALUES (77, 1013, 10, 1);
INSERT INTO FIDE_DETALLE_VENTA_TB (FIDE_VENTAS_ID_FK, FIDE_PRODUCTOS_ID_FK, FIDE_DETALLE_VENTA_CANTIDAD, FIDE_ESTADO_ID_FK) 
VALUES (78, 1014, 3, 1);
INSERT INTO FIDE_DETALLE_VENTA_TB (FIDE_VENTAS_ID_FK, FIDE_PRODUCTOS_ID_FK, FIDE_DETALLE_VENTA_CANTIDAD, FIDE_ESTADO_ID_FK) 
VALUES (79, 1002, 1, 2);
INSERT INTO FIDE_DETALLE_VENTA_TB (FIDE_VENTAS_ID_FK, FIDE_PRODUCTOS_ID_FK, FIDE_DETALLE_VENTA_CANTIDAD, FIDE_ESTADO_ID_FK) 
VALUES (80, 1003, 6, 1);
INSERT INTO FIDE_DETALLE_VENTA_TB (FIDE_VENTAS_ID_FK, FIDE_PRODUCTOS_ID_FK, FIDE_DETALLE_VENTA_CANTIDAD, FIDE_ESTADO_ID_FK) 
VALUES (81, 1004, 6, 2);
INSERT INTO FIDE_DETALLE_VENTA_TB (FIDE_VENTAS_ID_FK, FIDE_PRODUCTOS_ID_FK, FIDE_DETALLE_VENTA_CANTIDAD, FIDE_ESTADO_ID_FK) 
VALUES (82, 1005, 5, 1);
INSERT INTO FIDE_DETALLE_VENTA_TB (FIDE_VENTAS_ID_FK, FIDE_PRODUCTOS_ID_FK, FIDE_DETALLE_VENTA_CANTIDAD, FIDE_ESTADO_ID_FK) 
VALUES (83, 1006, 9, 2);
INSERT INTO FIDE_DETALLE_VENTA_TB (FIDE_VENTAS_ID_FK, FIDE_PRODUCTOS_ID_FK, FIDE_DETALLE_VENTA_CANTIDAD, FIDE_ESTADO_ID_FK) 
VALUES (84, 1007, 3, 1);
INSERT INTO FIDE_DETALLE_VENTA_TB (FIDE_VENTAS_ID_FK, FIDE_PRODUCTOS_ID_FK, FIDE_DETALLE_VENTA_CANTIDAD, FIDE_ESTADO_ID_FK) 
VALUES (85, 1008, 8, 1);
INSERT INTO FIDE_DETALLE_VENTA_TB (FIDE_VENTAS_ID_FK, FIDE_PRODUCTOS_ID_FK, FIDE_DETALLE_VENTA_CANTIDAD, FIDE_ESTADO_ID_FK) 
VALUES (86, 1009, 8, 2);
INSERT INTO FIDE_DETALLE_VENTA_TB (FIDE_VENTAS_ID_FK, FIDE_PRODUCTOS_ID_FK, FIDE_DETALLE_VENTA_CANTIDAD, FIDE_ESTADO_ID_FK) 
VALUES (87, 1010, 4, 1);
INSERT INTO FIDE_DETALLE_VENTA_TB (FIDE_VENTAS_ID_FK, FIDE_PRODUCTOS_ID_FK, FIDE_DETALLE_VENTA_CANTIDAD, FIDE_ESTADO_ID_FK) 
VALUES (88, 1011, 3, 1);
INSERT INTO FIDE_DETALLE_VENTA_TB (FIDE_VENTAS_ID_FK, FIDE_PRODUCTOS_ID_FK, FIDE_DETALLE_VENTA_CANTIDAD, FIDE_ESTADO_ID_FK) 
VALUES (89, 1012, 9, 1);
INSERT INTO FIDE_DETALLE_VENTA_TB (FIDE_VENTAS_ID_FK, FIDE_PRODUCTOS_ID_FK, FIDE_DETALLE_VENTA_CANTIDAD, FIDE_ESTADO_ID_FK) 
VALUES (90, 1013, 2, 1);
INSERT INTO FIDE_DETALLE_VENTA_TB (FIDE_VENTAS_ID_FK, FIDE_PRODUCTOS_ID_FK, FIDE_DETALLE_VENTA_CANTIDAD, FIDE_ESTADO_ID_FK) 
VALUES (91, 1014, 2, 1);
INSERT INTO FIDE_DETALLE_VENTA_TB (FIDE_VENTAS_ID_FK, FIDE_PRODUCTOS_ID_FK, FIDE_DETALLE_VENTA_CANTIDAD, FIDE_ESTADO_ID_FK) 
VALUES (92, 1002, 8, 2);
INSERT INTO FIDE_DETALLE_VENTA_TB (FIDE_VENTAS_ID_FK, FIDE_PRODUCTOS_ID_FK, FIDE_DETALLE_VENTA_CANTIDAD, FIDE_ESTADO_ID_FK) 
VALUES (93, 1003, 2, 1);
INSERT INTO FIDE_DETALLE_VENTA_TB (FIDE_VENTAS_ID_FK, FIDE_PRODUCTOS_ID_FK, FIDE_DETALLE_VENTA_CANTIDAD, FIDE_ESTADO_ID_FK) 
VALUES (94, 1004, 10, 1);
INSERT INTO FIDE_DETALLE_VENTA_TB (FIDE_VENTAS_ID_FK, FIDE_PRODUCTOS_ID_FK, FIDE_DETALLE_VENTA_CANTIDAD, FIDE_ESTADO_ID_FK) 
VALUES (95, 1005, 3, 1);
INSERT INTO FIDE_DETALLE_VENTA_TB (FIDE_VENTAS_ID_FK, FIDE_PRODUCTOS_ID_FK, FIDE_DETALLE_VENTA_CANTIDAD, FIDE_ESTADO_ID_FK) 
VALUES (96, 1006, 7, 1);
INSERT INTO FIDE_DETALLE_VENTA_TB (FIDE_VENTAS_ID_FK, FIDE_PRODUCTOS_ID_FK, FIDE_DETALLE_VENTA_CANTIDAD, FIDE_ESTADO_ID_FK) 
VALUES (97, 1007, 5, 1);
INSERT INTO FIDE_DETALLE_VENTA_TB (FIDE_VENTAS_ID_FK, FIDE_PRODUCTOS_ID_FK, FIDE_DETALLE_VENTA_CANTIDAD, FIDE_ESTADO_ID_FK) 
VALUES (98, 1008, 9, 1);
INSERT INTO FIDE_DETALLE_VENTA_TB (FIDE_VENTAS_ID_FK, FIDE_PRODUCTOS_ID_FK, FIDE_DETALLE_VENTA_CANTIDAD, FIDE_ESTADO_ID_FK) 
VALUES (99, 1009, 5, 1);
INSERT INTO FIDE_DETALLE_VENTA_TB (FIDE_VENTAS_ID_FK, FIDE_PRODUCTOS_ID_FK, FIDE_DETALLE_VENTA_CANTIDAD, FIDE_ESTADO_ID_FK) 
VALUES (100, 1010, 4, 2);
INSERT INTO FIDE_DETALLE_VENTA_TB (FIDE_VENTAS_ID_FK, FIDE_PRODUCTOS_ID_FK, FIDE_DETALLE_VENTA_CANTIDAD, FIDE_ESTADO_ID_FK) 
VALUES (101, 1011, 4, 1);
INSERT INTO FIDE_DETALLE_VENTA_TB (FIDE_VENTAS_ID_FK, FIDE_PRODUCTOS_ID_FK, FIDE_DETALLE_VENTA_CANTIDAD, FIDE_ESTADO_ID_FK) 
VALUES (102, 1012, 7, 1);
INSERT INTO FIDE_DETALLE_VENTA_TB (FIDE_VENTAS_ID_FK, FIDE_PRODUCTOS_ID_FK, FIDE_DETALLE_VENTA_CANTIDAD, FIDE_ESTADO_ID_FK) 
VALUES (103, 1013, 5, 1);
INSERT INTO FIDE_DETALLE_VENTA_TB (FIDE_VENTAS_ID_FK, FIDE_PRODUCTOS_ID_FK, FIDE_DETALLE_VENTA_CANTIDAD, FIDE_ESTADO_ID_FK) 
VALUES (104, 1014, 2, 1);
INSERT INTO FIDE_DETALLE_VENTA_TB (FIDE_VENTAS_ID_FK, FIDE_PRODUCTOS_ID_FK, FIDE_DETALLE_VENTA_CANTIDAD, FIDE_ESTADO_ID_FK) 
VALUES (105, 1002, 1, 2);
INSERT INTO FIDE_DETALLE_VENTA_TB (FIDE_VENTAS_ID_FK, FIDE_PRODUCTOS_ID_FK, FIDE_DETALLE_VENTA_CANTIDAD, FIDE_ESTADO_ID_FK) 
VALUES (106, 1003, 4, 2);
INSERT INTO FIDE_DETALLE_VENTA_TB (FIDE_VENTAS_ID_FK, FIDE_PRODUCTOS_ID_FK, FIDE_DETALLE_VENTA_CANTIDAD, FIDE_ESTADO_ID_FK) 
VALUES (107, 1004, 6, 2);
INSERT INTO FIDE_DETALLE_VENTA_TB (FIDE_VENTAS_ID_FK, FIDE_PRODUCTOS_ID_FK, FIDE_DETALLE_VENTA_CANTIDAD, FIDE_ESTADO_ID_FK) 
VALUES (108, 1005, 7, 1);
INSERT INTO FIDE_DETALLE_VENTA_TB (FIDE_VENTAS_ID_FK, FIDE_PRODUCTOS_ID_FK, FIDE_DETALLE_VENTA_CANTIDAD, FIDE_ESTADO_ID_FK) 
VALUES (109, 1006, 1, 1);
INSERT INTO FIDE_DETALLE_VENTA_TB (FIDE_VENTAS_ID_FK, FIDE_PRODUCTOS_ID_FK, FIDE_DETALLE_VENTA_CANTIDAD, FIDE_ESTADO_ID_FK) 
VALUES (110, 1007, 10, 1);
INSERT INTO FIDE_DETALLE_VENTA_TB (FIDE_VENTAS_ID_FK, FIDE_PRODUCTOS_ID_FK, FIDE_DETALLE_VENTA_CANTIDAD, FIDE_ESTADO_ID_FK) 
VALUES (111, 1008, 10, 1);
INSERT INTO FIDE_DETALLE_VENTA_TB (FIDE_VENTAS_ID_FK, FIDE_PRODUCTOS_ID_FK, FIDE_DETALLE_VENTA_CANTIDAD, FIDE_ESTADO_ID_FK) 
VALUES (112, 1009, 6, 1);
INSERT INTO FIDE_DETALLE_VENTA_TB (FIDE_VENTAS_ID_FK, FIDE_PRODUCTOS_ID_FK, FIDE_DETALLE_VENTA_CANTIDAD, FIDE_ESTADO_ID_FK) 
VALUES (113, 1010, 2, 1);
INSERT INTO FIDE_DETALLE_VENTA_TB (FIDE_VENTAS_ID_FK, FIDE_PRODUCTOS_ID_FK, FIDE_DETALLE_VENTA_CANTIDAD, FIDE_ESTADO_ID_FK) 
VALUES (114, 1011, 5, 1);
INSERT INTO FIDE_DETALLE_VENTA_TB (FIDE_VENTAS_ID_FK, FIDE_PRODUCTOS_ID_FK, FIDE_DETALLE_VENTA_CANTIDAD, FIDE_ESTADO_ID_FK) 
VALUES (115, 1012, 1, 1);
INSERT INTO FIDE_DETALLE_VENTA_TB (FIDE_VENTAS_ID_FK, FIDE_PRODUCTOS_ID_FK, FIDE_DETALLE_VENTA_CANTIDAD, FIDE_ESTADO_ID_FK) 
VALUES (116, 1013, 10, 1);
INSERT INTO FIDE_DETALLE_VENTA_TB (FIDE_VENTAS_ID_FK, FIDE_PRODUCTOS_ID_FK, FIDE_DETALLE_VENTA_CANTIDAD, FIDE_ESTADO_ID_FK) 
VALUES (117, 1014, 10, 1);
INSERT INTO FIDE_DETALLE_VENTA_TB (FIDE_VENTAS_ID_FK, FIDE_PRODUCTOS_ID_FK, FIDE_DETALLE_VENTA_CANTIDAD, FIDE_ESTADO_ID_FK) 
VALUES (118, 1002, 6, 1);
INSERT INTO FIDE_DETALLE_VENTA_TB (FIDE_VENTAS_ID_FK, FIDE_PRODUCTOS_ID_FK, FIDE_DETALLE_VENTA_CANTIDAD, FIDE_ESTADO_ID_FK) 
VALUES (119, 1003, 2, 1);
INSERT INTO FIDE_DETALLE_VENTA_TB (FIDE_VENTAS_ID_FK, FIDE_PRODUCTOS_ID_FK, FIDE_DETALLE_VENTA_CANTIDAD, FIDE_ESTADO_ID_FK) 
VALUES (120, 1004, 1, 2);
INSERT INTO FIDE_DETALLE_VENTA_TB (FIDE_VENTAS_ID_FK, FIDE_PRODUCTOS_ID_FK, FIDE_DETALLE_VENTA_CANTIDAD, FIDE_ESTADO_ID_FK) 
VALUES (121, 1005, 9, 1);
INSERT INTO FIDE_DETALLE_VENTA_TB (FIDE_VENTAS_ID_FK, FIDE_PRODUCTOS_ID_FK, FIDE_DETALLE_VENTA_CANTIDAD, FIDE_ESTADO_ID_FK) 
VALUES (122, 1006, 1, 1);
INSERT INTO FIDE_DETALLE_VENTA_TB (FIDE_VENTAS_ID_FK, FIDE_PRODUCTOS_ID_FK, FIDE_DETALLE_VENTA_CANTIDAD, FIDE_ESTADO_ID_FK) 
VALUES (123, 1007, 4, 2);
INSERT INTO FIDE_DETALLE_VENTA_TB (FIDE_VENTAS_ID_FK, FIDE_PRODUCTOS_ID_FK, FIDE_DETALLE_VENTA_CANTIDAD, FIDE_ESTADO_ID_FK) 
VALUES (124, 1008, 9, 1);
INSERT INTO FIDE_DETALLE_VENTA_TB (FIDE_VENTAS_ID_FK, FIDE_PRODUCTOS_ID_FK, FIDE_DETALLE_VENTA_CANTIDAD, FIDE_ESTADO_ID_FK) 
VALUES (125, 1009, 5, 1);
INSERT INTO FIDE_DETALLE_VENTA_TB (FIDE_VENTAS_ID_FK, FIDE_PRODUCTOS_ID_FK, FIDE_DETALLE_VENTA_CANTIDAD, FIDE_ESTADO_ID_FK) 
VALUES (126, 1010, 4, 1);
INSERT INTO FIDE_DETALLE_VENTA_TB (FIDE_VENTAS_ID_FK, FIDE_PRODUCTOS_ID_FK, FIDE_DETALLE_VENTA_CANTIDAD, FIDE_ESTADO_ID_FK) 
VALUES (127, 1011, 2, 2);
INSERT INTO FIDE_DETALLE_VENTA_TB (FIDE_VENTAS_ID_FK, FIDE_PRODUCTOS_ID_FK, FIDE_DETALLE_VENTA_CANTIDAD, FIDE_ESTADO_ID_FK) 
VALUES (128, 1012, 3, 1);
INSERT INTO FIDE_DETALLE_VENTA_TB (FIDE_VENTAS_ID_FK, FIDE_PRODUCTOS_ID_FK, FIDE_DETALLE_VENTA_CANTIDAD, FIDE_ESTADO_ID_FK) 
VALUES (129, 1013, 4, 1);
INSERT INTO FIDE_DETALLE_VENTA_TB (FIDE_VENTAS_ID_FK, FIDE_PRODUCTOS_ID_FK, FIDE_DETALLE_VENTA_CANTIDAD, FIDE_ESTADO_ID_FK) 
VALUES (130, 1014, 9, 1);
INSERT INTO FIDE_DETALLE_VENTA_TB (FIDE_VENTAS_ID_FK, FIDE_PRODUCTOS_ID_FK, FIDE_DETALLE_VENTA_CANTIDAD, FIDE_ESTADO_ID_FK) 
VALUES (131, 1002, 6, 1);
INSERT INTO FIDE_DETALLE_VENTA_TB (FIDE_VENTAS_ID_FK, FIDE_PRODUCTOS_ID_FK, FIDE_DETALLE_VENTA_CANTIDAD, FIDE_ESTADO_ID_FK) 
VALUES (132, 1003, 9, 1);
INSERT INTO FIDE_DETALLE_VENTA_TB (FIDE_VENTAS_ID_FK, FIDE_PRODUCTOS_ID_FK, FIDE_DETALLE_VENTA_CANTIDAD, FIDE_ESTADO_ID_FK) 
VALUES (133, 1004, 1, 1);
INSERT INTO FIDE_DETALLE_VENTA_TB (FIDE_VENTAS_ID_FK, FIDE_PRODUCTOS_ID_FK, FIDE_DETALLE_VENTA_CANTIDAD, FIDE_ESTADO_ID_FK) 
VALUES (134, 1005, 4, 1);
INSERT INTO FIDE_DETALLE_VENTA_TB (FIDE_VENTAS_ID_FK, FIDE_PRODUCTOS_ID_FK, FIDE_DETALLE_VENTA_CANTIDAD, FIDE_ESTADO_ID_FK) 
VALUES (135, 1006, 9, 1);
INSERT INTO FIDE_DETALLE_VENTA_TB (FIDE_VENTAS_ID_FK, FIDE_PRODUCTOS_ID_FK, FIDE_DETALLE_VENTA_CANTIDAD, FIDE_ESTADO_ID_FK) 
VALUES (136, 1007, 1, 1);
INSERT INTO FIDE_DETALLE_VENTA_TB (FIDE_VENTAS_ID_FK, FIDE_PRODUCTOS_ID_FK, FIDE_DETALLE_VENTA_CANTIDAD, FIDE_ESTADO_ID_FK) 
VALUES (137, 1008, 3, 1);
INSERT INTO FIDE_DETALLE_VENTA_TB (FIDE_VENTAS_ID_FK, FIDE_PRODUCTOS_ID_FK, FIDE_DETALLE_VENTA_CANTIDAD, FIDE_ESTADO_ID_FK) 
VALUES (138, 1009, 4, 2);
INSERT INTO FIDE_DETALLE_VENTA_TB (FIDE_VENTAS_ID_FK, FIDE_PRODUCTOS_ID_FK, FIDE_DETALLE_VENTA_CANTIDAD, FIDE_ESTADO_ID_FK) 
VALUES (139, 1010, 3, 1);
INSERT INTO FIDE_DETALLE_VENTA_TB (FIDE_VENTAS_ID_FK, FIDE_PRODUCTOS_ID_FK, FIDE_DETALLE_VENTA_CANTIDAD, FIDE_ESTADO_ID_FK) 
VALUES (140, 1011, 5, 1);
INSERT INTO FIDE_DETALLE_VENTA_TB (FIDE_VENTAS_ID_FK, FIDE_PRODUCTOS_ID_FK, FIDE_DETALLE_VENTA_CANTIDAD, FIDE_ESTADO_ID_FK) 
VALUES (141, 1012, 10, 1);
INSERT INTO FIDE_DETALLE_VENTA_TB (FIDE_VENTAS_ID_FK, FIDE_PRODUCTOS_ID_FK, FIDE_DETALLE_VENTA_CANTIDAD, FIDE_ESTADO_ID_FK) 
VALUES (142, 1013, 1, 1);
INSERT INTO FIDE_DETALLE_VENTA_TB (FIDE_VENTAS_ID_FK, FIDE_PRODUCTOS_ID_FK, FIDE_DETALLE_VENTA_CANTIDAD, FIDE_ESTADO_ID_FK) 
VALUES (143, 1014, 1, 1);
INSERT INTO FIDE_DETALLE_VENTA_TB (FIDE_VENTAS_ID_FK, FIDE_PRODUCTOS_ID_FK, FIDE_DETALLE_VENTA_CANTIDAD, FIDE_ESTADO_ID_FK) 
VALUES (144, 1002, 7, 1);
INSERT INTO FIDE_DETALLE_VENTA_TB (FIDE_VENTAS_ID_FK, FIDE_PRODUCTOS_ID_FK, FIDE_DETALLE_VENTA_CANTIDAD, FIDE_ESTADO_ID_FK) 
VALUES (145, 1003, 3, 1);
INSERT INTO FIDE_DETALLE_VENTA_TB (FIDE_VENTAS_ID_FK, FIDE_PRODUCTOS_ID_FK, FIDE_DETALLE_VENTA_CANTIDAD, FIDE_ESTADO_ID_FK) 
VALUES (146, 1004, 1, 2);
INSERT INTO FIDE_DETALLE_VENTA_TB (FIDE_VENTAS_ID_FK, FIDE_PRODUCTOS_ID_FK, FIDE_DETALLE_VENTA_CANTIDAD, FIDE_ESTADO_ID_FK) 
VALUES (147, 1005, 9, 1);
INSERT INTO FIDE_DETALLE_VENTA_TB (FIDE_VENTAS_ID_FK, FIDE_PRODUCTOS_ID_FK, FIDE_DETALLE_VENTA_CANTIDAD, FIDE_ESTADO_ID_FK) 
VALUES (148, 1006, 10, 1);
INSERT INTO FIDE_DETALLE_VENTA_TB (FIDE_VENTAS_ID_FK, FIDE_PRODUCTOS_ID_FK, FIDE_DETALLE_VENTA_CANTIDAD, FIDE_ESTADO_ID_FK) 
VALUES (149, 1007, 5, 1);
INSERT INTO FIDE_DETALLE_VENTA_TB (FIDE_VENTAS_ID_FK, FIDE_PRODUCTOS_ID_FK, FIDE_DETALLE_VENTA_CANTIDAD, FIDE_ESTADO_ID_FK) 
VALUES (150, 1008, 1, 1);

-- TIPOS_MOVIMIENTO
INSERT INTO FIDE_TIPOS_MOVIMIENTO_TB (FIDE_TIPOS_MOVIMIENTO_NOMBRE, FIDE_ESTADO_ID_FK) VALUES ('Entrada', 1);
INSERT INTO FIDE_TIPOS_MOVIMIENTO_TB (FIDE_TIPOS_MOVIMIENTO_NOMBRE, FIDE_ESTADO_ID_FK) VALUES ('Salida', 1);


-- MOVIMIENTOS_INVENTARIO
INSERT INTO FIDE_MOVIMIENTOS_INVENTARIO_TB (FIDE_PRODUCTOS_ID_FK, FIDE_TIPOS_MOVIMIENTO_ID_FK, FIDE_MOVIMIENTOS_CANTIDAD, FIDE_MOVIMIENTOS_FECHA, FIDE_MOVIMIENTOS_DETALLES, FIDE_ESTADO_ID_FK)
VALUES (2, 1, 5, '2025-06-01', 'Ingreso de producto', 1);
INSERT INTO FIDE_MOVIMIENTOS_INVENTARIO_TB (FIDE_PRODUCTOS_ID_FK, FIDE_TIPOS_MOVIMIENTO_ID_FK, FIDE_MOVIMIENTOS_CANTIDAD, FIDE_MOVIMIENTOS_FECHA, FIDE_MOVIMIENTOS_DETALLES, FIDE_ESTADO_ID_FK)
VALUES (3, 1, 3, '2025-06-03', 'Ingreso de producto', 1);
INSERT INTO FIDE_MOVIMIENTOS_INVENTARIO_TB (FIDE_PRODUCTOS_ID_FK, FIDE_TIPOS_MOVIMIENTO_ID_FK, FIDE_MOVIMIENTOS_CANTIDAD, FIDE_MOVIMIENTOS_FECHA, FIDE_MOVIMIENTOS_DETALLES, FIDE_ESTADO_ID_FK)
VALUES (1, 2, 10, '2025-06-04', 'Salida de producto', 1);

-- BITACORA 
INSERT INTO FIDE_BITACORA_TB (FIDE_USUARIOS_ID_FK, FIDE_BITACORA_EVENTO, FIDE_BITACORA_DESCRIPCION, FIDE_BITACORA_FECHA, FIDE_ESTADO_ID_FK)
VALUES (2, 'Modificación de inventario', 'Se modificó la cantidad de productos', '2025-06-01', 1);
INSERT INTO FIDE_BITACORA_TB (FIDE_USUARIOS_ID_FK, FIDE_BITACORA_EVENTO, FIDE_BITACORA_DESCRIPCION, FIDE_BITACORA_FECHA, FIDE_ESTADO_ID_FK)
VALUES (1, 'Registro de evento', 'La cantidad de productos es mayor a la esperada, ajustar para la proxima', '2025-06-02', 1);
INSERT INTO FIDE_BITACORA_TB (FIDE_USUARIOS_ID_FK, FIDE_BITACORA_EVENTO, FIDE_BITACORA_DESCRIPCION, FIDE_BITACORA_FECHA, FIDE_ESTADO_ID_FK)
VALUES (2, 'Entrada de producto', 'Ingreso para el inventario', '2025-06-04', 1);

--150 INSERTS PARA VENTAS

INSERT INTO FIDE_VENTAS_TB (FIDE_VENTAS_FECHA, FIDE_USUARIOS_ID_FK, FIDE_EMPRESA_CEDULA_FK, FIDE_ESTADO_ID_FK) VALUES ('2025-06-01', 2, 3101124, 1);
INSERT INTO FIDE_VENTAS_TB (FIDE_VENTAS_FECHA, FIDE_USUARIOS_ID_FK, FIDE_EMPRESA_CEDULA_FK, FIDE_ESTADO_ID_FK) VALUES ('2025-06-01', 1, 3101125, 2);
INSERT INTO FIDE_VENTAS_TB (FIDE_VENTAS_FECHA, FIDE_USUARIOS_ID_FK, FIDE_EMPRESA_CEDULA_FK, FIDE_ESTADO_ID_FK) VALUES ('2025-06-02', 2, 3101126, 1);
INSERT INTO FIDE_VENTAS_TB (FIDE_VENTAS_FECHA, FIDE_USUARIOS_ID_FK, FIDE_EMPRESA_CEDULA_FK, FIDE_ESTADO_ID_FK) VALUES ('2025-06-02', 1, 3101124, 1);
INSERT INTO FIDE_VENTAS_TB (FIDE_VENTAS_FECHA, FIDE_USUARIOS_ID_FK, FIDE_EMPRESA_CEDULA_FK, FIDE_ESTADO_ID_FK) VALUES ('2025-06-03', 1, 3101126, 1);
INSERT INTO FIDE_VENTAS_TB (FIDE_VENTAS_FECHA, FIDE_USUARIOS_ID_FK, FIDE_EMPRESA_CEDULA_FK, FIDE_ESTADO_ID_FK) VALUES ('2025-06-03', 2, 3101125, 1);
INSERT INTO FIDE_VENTAS_TB (FIDE_VENTAS_FECHA, FIDE_USUARIOS_ID_FK, FIDE_EMPRESA_CEDULA_FK, FIDE_ESTADO_ID_FK) VALUES ('2025-06-04', 2, 3101124, 1);
INSERT INTO FIDE_VENTAS_TB (FIDE_VENTAS_FECHA, FIDE_USUARIOS_ID_FK, FIDE_EMPRESA_CEDULA_FK, FIDE_ESTADO_ID_FK) VALUES ('2025-06-04', 1, 3101125, 1);
INSERT INTO FIDE_VENTAS_TB (FIDE_VENTAS_FECHA, FIDE_USUARIOS_ID_FK, FIDE_EMPRESA_CEDULA_FK, FIDE_ESTADO_ID_FK) VALUES ('2025-06-05', 2, 3101126, 1);
INSERT INTO FIDE_VENTAS_TB (FIDE_VENTAS_FECHA, FIDE_USUARIOS_ID_FK, FIDE_EMPRESA_CEDULA_FK, FIDE_ESTADO_ID_FK) VALUES ('2025-06-05', 1, 3101124, 1);

INSERT INTO FIDE_VENTAS_TB (FIDE_VENTAS_FECHA, FIDE_USUARIOS_ID_FK, FIDE_EMPRESA_CEDULA_FK, FIDE_ESTADO_ID_FK) VALUES ('2025-06-06', 2, 3101125, 1);
INSERT INTO FIDE_VENTAS_TB (FIDE_VENTAS_FECHA, FIDE_USUARIOS_ID_FK, FIDE_EMPRESA_CEDULA_FK, FIDE_ESTADO_ID_FK) VALUES ('2025-06-06', 1, 3101126, 1);
INSERT INTO FIDE_VENTAS_TB (FIDE_VENTAS_FECHA, FIDE_USUARIOS_ID_FK, FIDE_EMPRESA_CEDULA_FK, FIDE_ESTADO_ID_FK) VALUES ('2025-06-07', 1, 3101124, 1);
INSERT INTO FIDE_VENTAS_TB (FIDE_VENTAS_FECHA, FIDE_USUARIOS_ID_FK, FIDE_EMPRESA_CEDULA_FK, FIDE_ESTADO_ID_FK) VALUES ('2025-06-07', 2, 3101126, 1);
INSERT INTO FIDE_VENTAS_TB (FIDE_VENTAS_FECHA, FIDE_USUARIOS_ID_FK, FIDE_EMPRESA_CEDULA_FK, FIDE_ESTADO_ID_FK) VALUES ('2025-06-08', 2, 3101125, 1);
INSERT INTO FIDE_VENTAS_TB (FIDE_VENTAS_FECHA, FIDE_USUARIOS_ID_FK, FIDE_EMPRESA_CEDULA_FK, FIDE_ESTADO_ID_FK) VALUES ('2025-06-08', 1, 3101124, 1);
INSERT INTO FIDE_VENTAS_TB (FIDE_VENTAS_FECHA, FIDE_USUARIOS_ID_FK, FIDE_EMPRESA_CEDULA_FK, FIDE_ESTADO_ID_FK) VALUES ('2025-06-09', 1, 3101125, 1);
INSERT INTO FIDE_VENTAS_TB (FIDE_VENTAS_FECHA, FIDE_USUARIOS_ID_FK, FIDE_EMPRESA_CEDULA_FK, FIDE_ESTADO_ID_FK) VALUES ('2025-06-09', 2, 3101126, 1);
INSERT INTO FIDE_VENTAS_TB (FIDE_VENTAS_FECHA, FIDE_USUARIOS_ID_FK, FIDE_EMPRESA_CEDULA_FK, FIDE_ESTADO_ID_FK) VALUES ('2025-06-10', 2, 3101124, 1);
INSERT INTO FIDE_VENTAS_TB (FIDE_VENTAS_FECHA, FIDE_USUARIOS_ID_FK, FIDE_EMPRESA_CEDULA_FK, FIDE_ESTADO_ID_FK) VALUES ('2025-06-10', 1, 3101126, 1);

INSERT INTO FIDE_VENTAS_TB (FIDE_VENTAS_FECHA, FIDE_USUARIOS_ID_FK, FIDE_EMPRESA_CEDULA_FK, FIDE_ESTADO_ID_FK) VALUES ('2025-06-11', 2, 3101125, 1);
INSERT INTO FIDE_VENTAS_TB (FIDE_VENTAS_FECHA, FIDE_USUARIOS_ID_FK, FIDE_EMPRESA_CEDULA_FK, FIDE_ESTADO_ID_FK) VALUES ('2025-06-11', 1, 3101124, 1);
INSERT INTO FIDE_VENTAS_TB (FIDE_VENTAS_FECHA, FIDE_USUARIOS_ID_FK, FIDE_EMPRESA_CEDULA_FK, FIDE_ESTADO_ID_FK) VALUES ('2025-06-12', 1, 3101125, 1);
INSERT INTO FIDE_VENTAS_TB (FIDE_VENTAS_FECHA, FIDE_USUARIOS_ID_FK, FIDE_EMPRESA_CEDULA_FK, FIDE_ESTADO_ID_FK) VALUES ('2025-06-12', 2, 3101126, 1);
INSERT INTO FIDE_VENTAS_TB (FIDE_VENTAS_FECHA, FIDE_USUARIOS_ID_FK, FIDE_EMPRESA_CEDULA_FK, FIDE_ESTADO_ID_FK) VALUES ('2025-06-13', 2, 3101124, 1);
INSERT INTO FIDE_VENTAS_TB (FIDE_VENTAS_FECHA, FIDE_USUARIOS_ID_FK, FIDE_EMPRESA_CEDULA_FK, FIDE_ESTADO_ID_FK) VALUES ('2025-06-13', 1, 3101126, 1);
INSERT INTO FIDE_VENTAS_TB (FIDE_VENTAS_FECHA, FIDE_USUARIOS_ID_FK, FIDE_EMPRESA_CEDULA_FK, FIDE_ESTADO_ID_FK) VALUES ('2025-06-14', 1, 3101124, 1);
INSERT INTO FIDE_VENTAS_TB (FIDE_VENTAS_FECHA, FIDE_USUARIOS_ID_FK, FIDE_EMPRESA_CEDULA_FK, FIDE_ESTADO_ID_FK) VALUES ('2025-06-14', 2, 3101125, 1);
INSERT INTO FIDE_VENTAS_TB (FIDE_VENTAS_FECHA, FIDE_USUARIOS_ID_FK, FIDE_EMPRESA_CEDULA_FK, FIDE_ESTADO_ID_FK) VALUES ('2025-06-15', 2, 3101126, 1);
INSERT INTO FIDE_VENTAS_TB (FIDE_VENTAS_FECHA, FIDE_USUARIOS_ID_FK, FIDE_EMPRESA_CEDULA_FK, FIDE_ESTADO_ID_FK) VALUES ('2025-06-15', 1, 3101125, 1);

INSERT INTO FIDE_VENTAS_TB (FIDE_VENTAS_FECHA, FIDE_USUARIOS_ID_FK, FIDE_EMPRESA_CEDULA_FK, FIDE_ESTADO_ID_FK) VALUES ('2025-06-16', 2, 3101124, 1);
INSERT INTO FIDE_VENTAS_TB (FIDE_VENTAS_FECHA, FIDE_USUARIOS_ID_FK, FIDE_EMPRESA_CEDULA_FK, FIDE_ESTADO_ID_FK) VALUES ('2025-06-16', 1, 3101126, 1);
INSERT INTO FIDE_VENTAS_TB (FIDE_VENTAS_FECHA, FIDE_USUARIOS_ID_FK, FIDE_EMPRESA_CEDULA_FK, FIDE_ESTADO_ID_FK) VALUES ('2025-06-17', 1, 3101124, 1);
INSERT INTO FIDE_VENTAS_TB (FIDE_VENTAS_FECHA, FIDE_USUARIOS_ID_FK, FIDE_EMPRESA_CEDULA_FK, FIDE_ESTADO_ID_FK) VALUES ('2025-06-17', 2, 3101125, 1);
INSERT INTO FIDE_VENTAS_TB (FIDE_VENTAS_FECHA, FIDE_USUARIOS_ID_FK, FIDE_EMPRESA_CEDULA_FK, FIDE_ESTADO_ID_FK) VALUES ('2025-06-18', 2, 3101126, 1);
INSERT INTO FIDE_VENTAS_TB (FIDE_VENTAS_FECHA, FIDE_USUARIOS_ID_FK, FIDE_EMPRESA_CEDULA_FK, FIDE_ESTADO_ID_FK) VALUES ('2025-06-18', 1, 3101125, 1);
INSERT INTO FIDE_VENTAS_TB (FIDE_VENTAS_FECHA, FIDE_USUARIOS_ID_FK, FIDE_EMPRESA_CEDULA_FK, FIDE_ESTADO_ID_FK) VALUES ('2025-06-19', 2, 3101124, 1);
INSERT INTO FIDE_VENTAS_TB (FIDE_VENTAS_FECHA, FIDE_USUARIOS_ID_FK, FIDE_EMPRESA_CEDULA_FK, FIDE_ESTADO_ID_FK) VALUES ('2025-06-19', 1, 3101126, 1);
INSERT INTO FIDE_VENTAS_TB (FIDE_VENTAS_FECHA, FIDE_USUARIOS_ID_FK, FIDE_EMPRESA_CEDULA_FK, FIDE_ESTADO_ID_FK) VALUES ('2025-06-20', 2, 3101125, 1);
INSERT INTO FIDE_VENTAS_TB (FIDE_VENTAS_FECHA, FIDE_USUARIOS_ID_FK, FIDE_EMPRESA_CEDULA_FK, FIDE_ESTADO_ID_FK) VALUES ('2025-06-20', 1, 3101124, 1);

INSERT INTO FIDE_VENTAS_TB (FIDE_VENTAS_FECHA, FIDE_USUARIOS_ID_FK, FIDE_EMPRESA_CEDULA_FK, FIDE_ESTADO_ID_FK) VALUES ('2025-06-21', 2, 3101126, 1);
INSERT INTO FIDE_VENTAS_TB (FIDE_VENTAS_FECHA, FIDE_USUARIOS_ID_FK, FIDE_EMPRESA_CEDULA_FK, FIDE_ESTADO_ID_FK) VALUES ('2025-06-21', 1, 3101125, 1);
INSERT INTO FIDE_VENTAS_TB (FIDE_VENTAS_FECHA, FIDE_USUARIOS_ID_FK, FIDE_EMPRESA_CEDULA_FK, FIDE_ESTADO_ID_FK) VALUES ('2025-06-22', 2, 3101124, 1);
INSERT INTO FIDE_VENTAS_TB (FIDE_VENTAS_FECHA, FIDE_USUARIOS_ID_FK, FIDE_EMPRESA_CEDULA_FK, FIDE_ESTADO_ID_FK) VALUES ('2025-06-22', 1, 3101126, 1);
INSERT INTO FIDE_VENTAS_TB (FIDE_VENTAS_FECHA, FIDE_USUARIOS_ID_FK, FIDE_EMPRESA_CEDULA_FK, FIDE_ESTADO_ID_FK) VALUES ('2025-06-23', 1, 3101124, 1);
INSERT INTO FIDE_VENTAS_TB (FIDE_VENTAS_FECHA, FIDE_USUARIOS_ID_FK, FIDE_EMPRESA_CEDULA_FK, FIDE_ESTADO_ID_FK) VALUES ('2025-06-23', 2, 3101125, 1);

INSERT INTO FIDE_VENTAS_TB (FIDE_VENTAS_FECHA, FIDE_USUARIOS_ID_FK, FIDE_EMPRESA_CEDULA_FK, FIDE_ESTADO_ID_FK) VALUES ('2025-06-24', 1, 3101125, 1);
INSERT INTO FIDE_VENTAS_TB (FIDE_VENTAS_FECHA, FIDE_USUARIOS_ID_FK, FIDE_EMPRESA_CEDULA_FK, FIDE_ESTADO_ID_FK) VALUES ('2025-06-24', 2, 3101126, 1);
INSERT INTO FIDE_VENTAS_TB (FIDE_VENTAS_FECHA, FIDE_USUARIOS_ID_FK, FIDE_EMPRESA_CEDULA_FK, FIDE_ESTADO_ID_FK) VALUES ('2025-06-24', 1, 3101124, 1);
INSERT INTO FIDE_VENTAS_TB (FIDE_VENTAS_FECHA, FIDE_USUARIOS_ID_FK, FIDE_EMPRESA_CEDULA_FK, FIDE_ESTADO_ID_FK) VALUES ('2025-06-24', 2, 3101125, 1);

INSERT INTO FIDE_VENTAS_TB (FIDE_VENTAS_FECHA, FIDE_USUARIOS_ID_FK, FIDE_EMPRESA_CEDULA_FK, FIDE_ESTADO_ID_FK) VALUES ('2025-06-25', 2, 3101124, 1);
INSERT INTO FIDE_VENTAS_TB (FIDE_VENTAS_FECHA, FIDE_USUARIOS_ID_FK, FIDE_EMPRESA_CEDULA_FK, FIDE_ESTADO_ID_FK) VALUES ('2025-06-25', 1, 3101126, 1);
INSERT INTO FIDE_VENTAS_TB (FIDE_VENTAS_FECHA, FIDE_USUARIOS_ID_FK, FIDE_EMPRESA_CEDULA_FK, FIDE_ESTADO_ID_FK) VALUES ('2025-06-25', 1, 3101125, 1);
INSERT INTO FIDE_VENTAS_TB (FIDE_VENTAS_FECHA, FIDE_USUARIOS_ID_FK, FIDE_EMPRESA_CEDULA_FK, FIDE_ESTADO_ID_FK) VALUES ('2025-06-25', 2, 3101126, 1);

INSERT INTO FIDE_VENTAS_TB (FIDE_VENTAS_FECHA, FIDE_USUARIOS_ID_FK, FIDE_EMPRESA_CEDULA_FK, FIDE_ESTADO_ID_FK) VALUES ('2025-06-26', 1, 3101124, 1);
INSERT INTO FIDE_VENTAS_TB (FIDE_VENTAS_FECHA, FIDE_USUARIOS_ID_FK, FIDE_EMPRESA_CEDULA_FK, FIDE_ESTADO_ID_FK) VALUES ('2025-06-26', 2, 3101125, 1);
INSERT INTO FIDE_VENTAS_TB (FIDE_VENTAS_FECHA, FIDE_USUARIOS_ID_FK, FIDE_EMPRESA_CEDULA_FK, FIDE_ESTADO_ID_FK) VALUES ('2025-06-26', 1, 3101126, 1);
INSERT INTO FIDE_VENTAS_TB (FIDE_VENTAS_FECHA, FIDE_USUARIOS_ID_FK, FIDE_EMPRESA_CEDULA_FK, FIDE_ESTADO_ID_FK) VALUES ('2025-06-26', 2, 3101124, 1);

INSERT INTO FIDE_VENTAS_TB (FIDE_VENTAS_FECHA, FIDE_USUARIOS_ID_FK, FIDE_EMPRESA_CEDULA_FK, FIDE_ESTADO_ID_FK) VALUES ('2025-06-27', 1, 3101125, 1);
INSERT INTO FIDE_VENTAS_TB (FIDE_VENTAS_FECHA, FIDE_USUARIOS_ID_FK, FIDE_EMPRESA_CEDULA_FK, FIDE_ESTADO_ID_FK) VALUES ('2025-06-27', 2, 3101126, 1);
INSERT INTO FIDE_VENTAS_TB (FIDE_VENTAS_FECHA, FIDE_USUARIOS_ID_FK, FIDE_EMPRESA_CEDULA_FK, FIDE_ESTADO_ID_FK) VALUES ('2025-06-27', 2, 3101124, 1);
INSERT INTO FIDE_VENTAS_TB (FIDE_VENTAS_FECHA, FIDE_USUARIOS_ID_FK, FIDE_EMPRESA_CEDULA_FK, FIDE_ESTADO_ID_FK) VALUES ('2025-06-27', 1, 3101126, 1);

INSERT INTO FIDE_VENTAS_TB (FIDE_VENTAS_FECHA, FIDE_USUARIOS_ID_FK, FIDE_EMPRESA_CEDULA_FK, FIDE_ESTADO_ID_FK) VALUES ('2025-06-28', 1, 3101125, 1);
INSERT INTO FIDE_VENTAS_TB (FIDE_VENTAS_FECHA, FIDE_USUARIOS_ID_FK, FIDE_EMPRESA_CEDULA_FK, FIDE_ESTADO_ID_FK) VALUES ('2025-06-28', 2, 3101126, 1);
INSERT INTO FIDE_VENTAS_TB (FIDE_VENTAS_FECHA, FIDE_USUARIOS_ID_FK, FIDE_EMPRESA_CEDULA_FK, FIDE_ESTADO_ID_FK) VALUES ('2025-06-28', 1, 3101124, 1);
INSERT INTO FIDE_VENTAS_TB (FIDE_VENTAS_FECHA, FIDE_USUARIOS_ID_FK, FIDE_EMPRESA_CEDULA_FK, FIDE_ESTADO_ID_FK) VALUES ('2025-06-28', 2, 3101125, 1);

INSERT INTO FIDE_VENTAS_TB (FIDE_VENTAS_FECHA, FIDE_USUARIOS_ID_FK, FIDE_EMPRESA_CEDULA_FK, FIDE_ESTADO_ID_FK) VALUES ('2025-06-29', 2, 3101124, 1);
INSERT INTO FIDE_VENTAS_TB (FIDE_VENTAS_FECHA, FIDE_USUARIOS_ID_FK, FIDE_EMPRESA_CEDULA_FK, FIDE_ESTADO_ID_FK) VALUES ('2025-06-29', 1, 3101125, 1);
INSERT INTO FIDE_VENTAS_TB (FIDE_VENTAS_FECHA, FIDE_USUARIOS_ID_FK, FIDE_EMPRESA_CEDULA_FK, FIDE_ESTADO_ID_FK) VALUES ('2025-06-29', 1, 3101126, 1);
INSERT INTO FIDE_VENTAS_TB (FIDE_VENTAS_FECHA, FIDE_USUARIOS_ID_FK, FIDE_EMPRESA_CEDULA_FK, FIDE_ESTADO_ID_FK) VALUES ('2025-06-29', 2, 3101125, 1);

INSERT INTO FIDE_VENTAS_TB (FIDE_VENTAS_FECHA, FIDE_USUARIOS_ID_FK, FIDE_EMPRESA_CEDULA_FK, FIDE_ESTADO_ID_FK) VALUES ('2025-06-30', 1, 3101124, 1);
INSERT INTO FIDE_VENTAS_TB (FIDE_VENTAS_FECHA, FIDE_USUARIOS_ID_FK, FIDE_EMPRESA_CEDULA_FK, FIDE_ESTADO_ID_FK) VALUES ('2025-06-30', 2, 3101126, 1);
INSERT INTO FIDE_VENTAS_TB (FIDE_VENTAS_FECHA, FIDE_USUARIOS_ID_FK, FIDE_EMPRESA_CEDULA_FK, FIDE_ESTADO_ID_FK) VALUES ('2025-06-30', 1, 3101125, 1);
INSERT INTO FIDE_VENTAS_TB (FIDE_VENTAS_FECHA, FIDE_USUARIOS_ID_FK, FIDE_EMPRESA_CEDULA_FK, FIDE_ESTADO_ID_FK) VALUES ('2025-06-30', 2, 3101124, 1);

INSERT INTO FIDE_VENTAS_TB (FIDE_VENTAS_FECHA, FIDE_USUARIOS_ID_FK, FIDE_EMPRESA_CEDULA_FK, FIDE_ESTADO_ID_FK) VALUES ('2025-06-24', 1, 3101126, 1);
INSERT INTO FIDE_VENTAS_TB (FIDE_VENTAS_FECHA, FIDE_USUARIOS_ID_FK, FIDE_EMPRESA_CEDULA_FK, FIDE_ESTADO_ID_FK) VALUES ('2025-06-25', 2, 3101125, 1);
INSERT INTO FIDE_VENTAS_TB (FIDE_VENTAS_FECHA, FIDE_USUARIOS_ID_FK, FIDE_EMPRESA_CEDULA_FK, FIDE_ESTADO_ID_FK) VALUES ('2025-06-26', 1, 3101124, 1);
INSERT INTO FIDE_VENTAS_TB (FIDE_VENTAS_FECHA, FIDE_USUARIOS_ID_FK, FIDE_EMPRESA_CEDULA_FK, FIDE_ESTADO_ID_FK) VALUES ('2025-06-27', 2, 3101125, 1);
INSERT INTO FIDE_VENTAS_TB (FIDE_VENTAS_FECHA, FIDE_USUARIOS_ID_FK, FIDE_EMPRESA_CEDULA_FK, FIDE_ESTADO_ID_FK) VALUES ('2025-06-28', 1, 3101126, 1);
INSERT INTO FIDE_VENTAS_TB (FIDE_VENTAS_FECHA, FIDE_USUARIOS_ID_FK, FIDE_EMPRESA_CEDULA_FK, FIDE_ESTADO_ID_FK) VALUES ('2025-06-29', 2, 3101124, 1);
INSERT INTO FIDE_VENTAS_TB (FIDE_VENTAS_FECHA, FIDE_USUARIOS_ID_FK, FIDE_EMPRESA_CEDULA_FK, FIDE_ESTADO_ID_FK) VALUES ('2025-06-30', 1, 3101125, 1);
INSERT INTO FIDE_VENTAS_TB (FIDE_VENTAS_FECHA, FIDE_USUARIOS_ID_FK, FIDE_EMPRESA_CEDULA_FK, FIDE_ESTADO_ID_FK) VALUES ('2025-06-24', 2, 3101124, 1);
INSERT INTO FIDE_VENTAS_TB (FIDE_VENTAS_FECHA, FIDE_USUARIOS_ID_FK, FIDE_EMPRESA_CEDULA_FK, FIDE_ESTADO_ID_FK) VALUES ('2025-06-25', 1, 3101126, 1);
INSERT INTO FIDE_VENTAS_TB (FIDE_VENTAS_FECHA, FIDE_USUARIOS_ID_FK, FIDE_EMPRESA_CEDULA_FK, FIDE_ESTADO_ID_FK) VALUES ('2025-06-26', 2, 3101125, 1);
INSERT INTO FIDE_VENTAS_TB (FIDE_VENTAS_FECHA, FIDE_USUARIOS_ID_FK, FIDE_EMPRESA_CEDULA_FK, FIDE_ESTADO_ID_FK) VALUES ('2025-06-27', 1, 3101124, 1);
INSERT INTO FIDE_VENTAS_TB (FIDE_VENTAS_FECHA, FIDE_USUARIOS_ID_FK, FIDE_EMPRESA_CEDULA_FK, FIDE_ESTADO_ID_FK) VALUES ('2025-06-28', 2, 3101125, 1);
INSERT INTO FIDE_VENTAS_TB (FIDE_VENTAS_FECHA, FIDE_USUARIOS_ID_FK, FIDE_EMPRESA_CEDULA_FK, FIDE_ESTADO_ID_FK) VALUES ('2025-06-29', 1, 3101126, 1);
INSERT INTO FIDE_VENTAS_TB (FIDE_VENTAS_FECHA, FIDE_USUARIOS_ID_FK, FIDE_EMPRESA_CEDULA_FK, FIDE_ESTADO_ID_FK) VALUES ('2025-06-30', 2, 3101124, 1);
INSERT INTO FIDE_VENTAS_TB (FIDE_VENTAS_FECHA, FIDE_USUARIOS_ID_FK, FIDE_EMPRESA_CEDULA_FK, FIDE_ESTADO_ID_FK) VALUES ('2025-06-24', 1, 3101125, 1);
INSERT INTO FIDE_VENTAS_TB (FIDE_VENTAS_FECHA, FIDE_USUARIOS_ID_FK, FIDE_EMPRESA_CEDULA_FK, FIDE_ESTADO_ID_FK) VALUES ('2025-06-25', 2, 3101126, 1);
INSERT INTO FIDE_VENTAS_TB (FIDE_VENTAS_FECHA, FIDE_USUARIOS_ID_FK, FIDE_EMPRESA_CEDULA_FK, FIDE_ESTADO_ID_FK) VALUES ('2025-06-26', 1, 3101125, 1);
INSERT INTO FIDE_VENTAS_TB (FIDE_VENTAS_FECHA, FIDE_USUARIOS_ID_FK, FIDE_EMPRESA_CEDULA_FK, FIDE_ESTADO_ID_FK) VALUES ('2025-06-27', 2, 3101126, 1);
INSERT INTO FIDE_VENTAS_TB (FIDE_VENTAS_FECHA, FIDE_USUARIOS_ID_FK, FIDE_EMPRESA_CEDULA_FK, FIDE_ESTADO_ID_FK) VALUES ('2025-06-28', 1, 3101124, 1);
INSERT INTO FIDE_VENTAS_TB (FIDE_VENTAS_FECHA, FIDE_USUARIOS_ID_FK, FIDE_EMPRESA_CEDULA_FK, FIDE_ESTADO_ID_FK) VALUES ('2025-06-29', 2, 3101125, 1);
INSERT INTO FIDE_VENTAS_TB (FIDE_VENTAS_FECHA, FIDE_USUARIOS_ID_FK, FIDE_EMPRESA_CEDULA_FK, FIDE_ESTADO_ID_FK) VALUES ('2025-06-30', 1, 3101126, 1);
INSERT INTO FIDE_VENTAS_TB (FIDE_VENTAS_FECHA, FIDE_USUARIOS_ID_FK, FIDE_EMPRESA_CEDULA_FK, FIDE_ESTADO_ID_FK) VALUES ('2025-06-25', 2, 3101124, 1);
INSERT INTO FIDE_VENTAS_TB (FIDE_VENTAS_FECHA, FIDE_USUARIOS_ID_FK, FIDE_EMPRESA_CEDULA_FK, FIDE_ESTADO_ID_FK) VALUES ('2025-06-26', 1, 3101126, 1);
INSERT INTO FIDE_VENTAS_TB (FIDE_VENTAS_FECHA, FIDE_USUARIOS_ID_FK, FIDE_EMPRESA_CEDULA_FK, FIDE_ESTADO_ID_FK) VALUES ('2025-06-27', 2, 3101125, 1);
INSERT INTO FIDE_VENTAS_TB (FIDE_VENTAS_FECHA, FIDE_USUARIOS_ID_FK, FIDE_EMPRESA_CEDULA_FK, FIDE_ESTADO_ID_FK) VALUES ('2025-06-28', 1, 3101126, 1);
INSERT INTO FIDE_VENTAS_TB (FIDE_VENTAS_FECHA, FIDE_USUARIOS_ID_FK, FIDE_EMPRESA_CEDULA_FK, FIDE_ESTADO_ID_FK) VALUES ('2025-06-29', 2, 3101124, 1);

INSERT INTO FIDE_VENTAS_TB (FIDE_VENTAS_FECHA, FIDE_USUARIOS_ID_FK, FIDE_EMPRESA_CEDULA_FK, FIDE_ESTADO_ID_FK) VALUES ('2025-07-01', 1, 3101124, 2);
INSERT INTO FIDE_VENTAS_TB (FIDE_VENTAS_FECHA, FIDE_USUARIOS_ID_FK, FIDE_EMPRESA_CEDULA_FK, FIDE_ESTADO_ID_FK) VALUES ('2025-07-01', 2, 3101125, 1);
INSERT INTO FIDE_VENTAS_TB (FIDE_VENTAS_FECHA, FIDE_USUARIOS_ID_FK, FIDE_EMPRESA_CEDULA_FK, FIDE_ESTADO_ID_FK) VALUES ('2025-07-02', 1, 3101126, 2);
INSERT INTO FIDE_VENTAS_TB (FIDE_VENTAS_FECHA, FIDE_USUARIOS_ID_FK, FIDE_EMPRESA_CEDULA_FK, FIDE_ESTADO_ID_FK) VALUES ('2025-07-02', 2, 3101124, 1);
INSERT INTO FIDE_VENTAS_TB (FIDE_VENTAS_FECHA, FIDE_USUARIOS_ID_FK, FIDE_EMPRESA_CEDULA_FK, FIDE_ESTADO_ID_FK) VALUES ('2025-07-03', 1, 3101125, 2);
INSERT INTO FIDE_VENTAS_TB (FIDE_VENTAS_FECHA, FIDE_USUARIOS_ID_FK, FIDE_EMPRESA_CEDULA_FK, FIDE_ESTADO_ID_FK) VALUES ('2025-07-03', 2, 3101126, 1);
INSERT INTO FIDE_VENTAS_TB (FIDE_VENTAS_FECHA, FIDE_USUARIOS_ID_FK, FIDE_EMPRESA_CEDULA_FK, FIDE_ESTADO_ID_FK) VALUES ('2025-07-04', 1, 3101124, 2);
INSERT INTO FIDE_VENTAS_TB (FIDE_VENTAS_FECHA, FIDE_USUARIOS_ID_FK, FIDE_EMPRESA_CEDULA_FK, FIDE_ESTADO_ID_FK) VALUES ('2025-07-04', 2, 3101125, 1);
INSERT INTO FIDE_VENTAS_TB (FIDE_VENTAS_FECHA, FIDE_USUARIOS_ID_FK, FIDE_EMPRESA_CEDULA_FK, FIDE_ESTADO_ID_FK) VALUES ('2025-07-05', 1, 3101126, 2);
INSERT INTO FIDE_VENTAS_TB (FIDE_VENTAS_FECHA, FIDE_USUARIOS_ID_FK, FIDE_EMPRESA_CEDULA_FK, FIDE_ESTADO_ID_FK) VALUES ('2025-07-05', 2, 3101124, 1);

INSERT INTO FIDE_VENTAS_TB (FIDE_VENTAS_FECHA, FIDE_USUARIOS_ID_FK, FIDE_EMPRESA_CEDULA_FK, FIDE_ESTADO_ID_FK) VALUES ('2025-07-06', 1, 3101125, 2);
INSERT INTO FIDE_VENTAS_TB (FIDE_VENTAS_FECHA, FIDE_USUARIOS_ID_FK, FIDE_EMPRESA_CEDULA_FK, FIDE_ESTADO_ID_FK) VALUES ('2025-07-06', 2, 3101126, 1);
INSERT INTO FIDE_VENTAS_TB (FIDE_VENTAS_FECHA, FIDE_USUARIOS_ID_FK, FIDE_EMPRESA_CEDULA_FK, FIDE_ESTADO_ID_FK) VALUES ('2025-07-07', 1, 3101124, 1);
INSERT INTO FIDE_VENTAS_TB (FIDE_VENTAS_FECHA, FIDE_USUARIOS_ID_FK, FIDE_EMPRESA_CEDULA_FK, FIDE_ESTADO_ID_FK) VALUES ('2025-07-07', 2, 3101125, 2);
INSERT INTO FIDE_VENTAS_TB (FIDE_VENTAS_FECHA, FIDE_USUARIOS_ID_FK, FIDE_EMPRESA_CEDULA_FK, FIDE_ESTADO_ID_FK) VALUES ('2025-07-08', 1, 3101126, 2);
INSERT INTO FIDE_VENTAS_TB (FIDE_VENTAS_FECHA, FIDE_USUARIOS_ID_FK, FIDE_EMPRESA_CEDULA_FK, FIDE_ESTADO_ID_FK) VALUES ('2025-07-08', 2, 3101124, 1);
INSERT INTO FIDE_VENTAS_TB (FIDE_VENTAS_FECHA, FIDE_USUARIOS_ID_FK, FIDE_EMPRESA_CEDULA_FK, FIDE_ESTADO_ID_FK) VALUES ('2025-07-09', 1, 3101125, 1);
INSERT INTO FIDE_VENTAS_TB (FIDE_VENTAS_FECHA, FIDE_USUARIOS_ID_FK, FIDE_EMPRESA_CEDULA_FK, FIDE_ESTADO_ID_FK) VALUES ('2025-07-09', 2, 3101126, 2);
INSERT INTO FIDE_VENTAS_TB (FIDE_VENTAS_FECHA, FIDE_USUARIOS_ID_FK, FIDE_EMPRESA_CEDULA_FK, FIDE_ESTADO_ID_FK) VALUES ('2025-07-10', 1, 3101124, 2);
INSERT INTO FIDE_VENTAS_TB (FIDE_VENTAS_FECHA, FIDE_USUARIOS_ID_FK, FIDE_EMPRESA_CEDULA_FK, FIDE_ESTADO_ID_FK) VALUES ('2025-07-10', 2, 3101125, 1);

INSERT INTO FIDE_VENTAS_TB (FIDE_VENTAS_FECHA, FIDE_USUARIOS_ID_FK, FIDE_EMPRESA_CEDULA_FK, FIDE_ESTADO_ID_FK) VALUES ('2025-07-11', 1, 3101126, 1);
INSERT INTO FIDE_VENTAS_TB (FIDE_VENTAS_FECHA, FIDE_USUARIOS_ID_FK, FIDE_EMPRESA_CEDULA_FK, FIDE_ESTADO_ID_FK) VALUES ('2025-07-11', 2, 3101124, 2);
INSERT INTO FIDE_VENTAS_TB (FIDE_VENTAS_FECHA, FIDE_USUARIOS_ID_FK, FIDE_EMPRESA_CEDULA_FK, FIDE_ESTADO_ID_FK) VALUES ('2025-07-12', 1, 3101125, 2);
INSERT INTO FIDE_VENTAS_TB (FIDE_VENTAS_FECHA, FIDE_USUARIOS_ID_FK, FIDE_EMPRESA_CEDULA_FK, FIDE_ESTADO_ID_FK) VALUES ('2025-07-12', 2, 3101126, 1);
INSERT INTO FIDE_VENTAS_TB (FIDE_VENTAS_FECHA, FIDE_USUARIOS_ID_FK, FIDE_EMPRESA_CEDULA_FK, FIDE_ESTADO_ID_FK) VALUES ('2025-07-13', 1, 3101124, 1);
INSERT INTO FIDE_VENTAS_TB (FIDE_VENTAS_FECHA, FIDE_USUARIOS_ID_FK, FIDE_EMPRESA_CEDULA_FK, FIDE_ESTADO_ID_FK) VALUES ('2025-07-13', 2, 3101125, 2);
INSERT INTO FIDE_VENTAS_TB (FIDE_VENTAS_FECHA, FIDE_USUARIOS_ID_FK, FIDE_EMPRESA_CEDULA_FK, FIDE_ESTADO_ID_FK) VALUES ('2025-07-14', 1, 3101126, 2);
INSERT INTO FIDE_VENTAS_TB (FIDE_VENTAS_FECHA, FIDE_USUARIOS_ID_FK, FIDE_EMPRESA_CEDULA_FK, FIDE_ESTADO_ID_FK) VALUES ('2025-07-14', 2, 3101124, 1);
INSERT INTO FIDE_VENTAS_TB (FIDE_VENTAS_FECHA, FIDE_USUARIOS_ID_FK, FIDE_EMPRESA_CEDULA_FK, FIDE_ESTADO_ID_FK) VALUES ('2025-07-15', 1, 3101125, 1);
INSERT INTO FIDE_VENTAS_TB (FIDE_VENTAS_FECHA, FIDE_USUARIOS_ID_FK, FIDE_EMPRESA_CEDULA_FK, FIDE_ESTADO_ID_FK) VALUES ('2025-07-15', 2, 3101126, 1);

INSERT INTO FIDE_VENTAS_TB (FIDE_VENTAS_FECHA, FIDE_USUARIOS_ID_FK, FIDE_EMPRESA_CEDULA_FK, FIDE_ESTADO_ID_FK) VALUES ('2025-07-16', 1, 3101124, 2);
INSERT INTO FIDE_VENTAS_TB (FIDE_VENTAS_FECHA, FIDE_USUARIOS_ID_FK, FIDE_EMPRESA_CEDULA_FK, FIDE_ESTADO_ID_FK) VALUES ('2025-07-16', 2, 3101125, 1);
INSERT INTO FIDE_VENTAS_TB (FIDE_VENTAS_FECHA, FIDE_USUARIOS_ID_FK, FIDE_EMPRESA_CEDULA_FK, FIDE_ESTADO_ID_FK) VALUES ('2025-07-17', 1, 3101126, 1);
INSERT INTO FIDE_VENTAS_TB (FIDE_VENTAS_FECHA, FIDE_USUARIOS_ID_FK, FIDE_EMPRESA_CEDULA_FK, FIDE_ESTADO_ID_FK) VALUES ('2025-07-17', 2, 3101124, 2);
INSERT INTO FIDE_VENTAS_TB (FIDE_VENTAS_FECHA, FIDE_USUARIOS_ID_FK, FIDE_EMPRESA_CEDULA_FK, FIDE_ESTADO_ID_FK) VALUES ('2025-07-18', 1, 3101125, 2);
INSERT INTO FIDE_VENTAS_TB (FIDE_VENTAS_FECHA, FIDE_USUARIOS_ID_FK, FIDE_EMPRESA_CEDULA_FK, FIDE_ESTADO_ID_FK) VALUES ('2025-07-18', 2, 3101126, 1);
INSERT INTO FIDE_VENTAS_TB (FIDE_VENTAS_FECHA, FIDE_USUARIOS_ID_FK, FIDE_EMPRESA_CEDULA_FK, FIDE_ESTADO_ID_FK) VALUES ('2025-07-19', 1, 3101124, 1);
INSERT INTO FIDE_VENTAS_TB (FIDE_VENTAS_FECHA, FIDE_USUARIOS_ID_FK, FIDE_EMPRESA_CEDULA_FK, FIDE_ESTADO_ID_FK) VALUES ('2025-07-19', 2, 3101125, 1);
INSERT INTO FIDE_VENTAS_TB (FIDE_VENTAS_FECHA, FIDE_USUARIOS_ID_FK, FIDE_EMPRESA_CEDULA_FK, FIDE_ESTADO_ID_FK) VALUES ('2025-07-20', 1, 3101126, 2);
INSERT INTO FIDE_VENTAS_TB (FIDE_VENTAS_FECHA, FIDE_USUARIOS_ID_FK, FIDE_EMPRESA_CEDULA_FK, FIDE_ESTADO_ID_FK) VALUES ('2025-07-20', 2, 3101124, 1);

INSERT INTO FIDE_VENTAS_TB (FIDE_VENTAS_FECHA, FIDE_USUARIOS_ID_FK, FIDE_EMPRESA_CEDULA_FK, FIDE_ESTADO_ID_FK) VALUES ('2025-07-21', 1, 3101125, 1);
INSERT INTO FIDE_VENTAS_TB (FIDE_VENTAS_FECHA, FIDE_USUARIOS_ID_FK, FIDE_EMPRESA_CEDULA_FK, FIDE_ESTADO_ID_FK) VALUES ('2025-07-21', 2, 3101126, 2);
INSERT INTO FIDE_VENTAS_TB (FIDE_VENTAS_FECHA, FIDE_USUARIOS_ID_FK, FIDE_EMPRESA_CEDULA_FK, FIDE_ESTADO_ID_FK) VALUES ('2025-07-22', 1, 3101124, 2);
INSERT INTO FIDE_VENTAS_TB (FIDE_VENTAS_FECHA, FIDE_USUARIOS_ID_FK, FIDE_EMPRESA_CEDULA_FK, FIDE_ESTADO_ID_FK) VALUES ('2025-07-22', 2, 3101125, 1);
INSERT INTO FIDE_VENTAS_TB (FIDE_VENTAS_FECHA, FIDE_USUARIOS_ID_FK, FIDE_EMPRESA_CEDULA_FK, FIDE_ESTADO_ID_FK) VALUES ('2025-07-23', 1, 3101126, 1);
INSERT INTO FIDE_VENTAS_TB (FIDE_VENTAS_FECHA, FIDE_USUARIOS_ID_FK, FIDE_EMPRESA_CEDULA_FK, FIDE_ESTADO_ID_FK) VALUES ('2025-07-23', 2, 3101124, 2);
INSERT INTO FIDE_VENTAS_TB (FIDE_VENTAS_FECHA, FIDE_USUARIOS_ID_FK, FIDE_EMPRESA_CEDULA_FK, FIDE_ESTADO_ID_FK) VALUES ('2025-07-24', 1, 3101125, 2);
INSERT INTO FIDE_VENTAS_TB (FIDE_VENTAS_FECHA, FIDE_USUARIOS_ID_FK, FIDE_EMPRESA_CEDULA_FK, FIDE_ESTADO_ID_FK) VALUES ('2025-07-24', 2, 3101126, 1);
INSERT INTO FIDE_VENTAS_TB (FIDE_VENTAS_FECHA, FIDE_USUARIOS_ID_FK, FIDE_EMPRESA_CEDULA_FK, FIDE_ESTADO_ID_FK) VALUES ('2025-07-25', 1, 3101124, 1);
INSERT INTO FIDE_VENTAS_TB (FIDE_VENTAS_FECHA, FIDE_USUARIOS_ID_FK, FIDE_EMPRESA_CEDULA_FK, FIDE_ESTADO_ID_FK) VALUES ('2025-07-25', 2, 3101125, 1);



-- SELECTS PARA COMPROBAR LA INFO
SELECT * FROM FIDE_ESTADO_TB;
SELECT * FROM FIDE_PAIS_TB;
SELECT * FROM FIDE_PROVINCIA_TB;
SELECT * FROM FIDE_CANTON_TB;
SELECT * FROM FIDE_DISTRITO_TB;
SELECT * FROM FIDE_ROLES_TB;
SELECT * FROM FIDE_USUARIOS_TB;
SELECT * FROM EMPRESA;
SELECT * FROM DIRECCION_EMPRESA;
SELECT * FROM FIDE_CATEGORIAS_TB;
SELECT * FROM FIDE_PRODUCTOS_TB;
SELECT * FROM FIDE_VENTAS_TB;
SELECT * FROM FIDE_DETALLE_VENTA_TB;
SELECT * FROM FIDE_TIPOS_MOVIMIENTO_TB;
SELECT * FROM FIDE_MOVIMIENTOS_INVENTARIO_TB;
SELECT * FROM FIDE_BITACORA_TB;


